ms_sub_class,ms_zoning,lot_frontage,lot_area,street,alley,lot_shape,land_contour,utilities,lot_config,land_slope,neighborhood,condition_1,condition_2,bldg_type,house_style,overall_cond,year_built,year_remod_add,roof_style,roof_matl,exterior_1st,exterior_2nd,mas_vnr_type,mas_vnr_area,exter_cond,foundation,bsmt_cond,bsmt_exposure,bsmt_fin_type_1,bsmt_fin_sf_1,bsmt_fin_type_2,bsmt_fin_sf_2,bsmt_unf_sf,total_bsmt_sf,heating,heating_qc,central_air,electrical,first_flr_sf,second_flr_sf,gr_liv_area,bsmt_full_bath,bsmt_half_bath,full_bath,half_bath,bedroom_abv_gr,kitchen_abv_gr,tot_rms_abv_grd,functional,fireplaces,garage_type,garage_finish,garage_cars,garage_area,garage_cond,paved_drive,wood_deck_sf,open_porch_sf,enclosed_porch,three_season_porch,screen_porch,pool_area,pool_qc,fence,misc_feature,misc_val,mo_sold,year_sold,sale_type,sale_condition,sale_price,longitude,latitude,id
One_Story_1946_and_Newer_All_Styles,Residential_Low_Density,88,11394,Pave,No_Alley_Access,Regular,Lvl,AllPub,Corner,Gtl,Stone_Brook,Norm,Norm,OneFam,One_Story,Poor,2010,2010,Hip,CompShg,VinylSd,VinylSd,Stone,350,Typical,PConc,Typical,Av,GLQ,3,Unf,0,411,1856,GasA,Excellent,Y,SBrkr,1856,0,1856,1,0,1,1,1,1,8,Typ,1,Attchd,Fin,3,834,Typical,Paved,113,0,0,0,0,0,No_Pool,No_Fence,None,0,6,2010,New,Partial,394432,-93.628804,42.05885,18
One_Story_1946_and_Newer_All_Styles,Residential_Low_Density,70,10500,Pave,No_Alley_Access,Regular,Lvl,AllPub,FR2,Gtl,North_Ames,Norm,Norm,OneFam,One_Story,Average,1971,1971,Gable,CompShg,HdBoard,HdBoard,None,0,Typical,CBlock,Typical,No,ALQ,1,Unf,0,432,864,GasA,Typical,Y,SBrkr,864,0,864,0,0,1,0,3,1,5,Typ,1,No_Garage,No_Garage,0,0,No_Garage,Paved,0,0,0,0,0,0,No_Pool,No_Fence,None,0,4,2010,ConLI,Normal,115000,-93.622769,42.056375,28
One_Story_1946_and_Newer_All_Styles,Residential_Low_Density,94,12883,Pave,No_Alley_Access,Slightly_Irregular,Lvl,AllPub,Corner,Gtl,Northridge_Heights,Norm,Norm,OneFam,One_Story,Average,2009,2010,Gable,CompShg,VinylSd,VinylSd,Stone,256,Typical,PConc,Typical,No,Unf,7,Unf,0,1544,1544,GasA,Excellent,Y,SBrkr,1544,0,1544,0,0,2,0,3,1,7,Typ,0,Attchd,RFn,3,868,Typical,Paved,0,35,0,0,0,0,No_Pool,No_Fence,None,0,6,2010,New,Partial,290941,-93.6528306,42.0612885,40
One_Story_1946_and_Newer_All_Styles,Residential_Low_Density,95,12182,Pave,No_Alley_Access,Regular,Lvl,AllPub,Corner,Gtl,Northridge_Heights,Norm,Norm,OneFam,One_Story,Average,2005,2005,Gable,CompShg,VinylSd,VinylSd,BrkFace,226,Typical,PConc,Typical,Mn,BLQ,2,Unf,0,340,1541,GasA,Excellent,Y,SBrkr,1541,0,1541,0,0,2,0,3,1,7,Typ,1,Attchd,RFn,2,532,Typical,Paved,0,70,0,0,0,0,No_Pool,No_Fence,None,0,5,2010,New,Partial,220000,-93.652713,42.060872,41
One_Story_1946_and_Newer_All_Styles,Residential_Low_Density,100,12919,Pave,No_Alley_Access,Slightly_Irregular,Lvl,AllPub,Inside,Gtl,Northridge_Heights,Norm,Norm,OneFam,One_Story,Average,2009,2010,Hip,CompShg,VinylSd,VinylSd,Stone,760,Typical,PConc,Typical,Gd,GLQ,3,Unf,0,142,2330,GasA,Excellent,Y,SBrkr,2364,0,2364,1,0,2,1,2,1,11,Typ,2,Attchd,Fin,3,820,Typical,Paved,0,67,0,0,0,0,No_Pool,No_Fence,None,0,3,2010,New,Partial,611657,-93.655051,42.059617,45
One_Story_PUD_1946_and_Newer,Residential_Low_Density,44,6371,Pave,No_Alley_Access,Slightly_Irregular,Lvl,AllPub,Inside,Gtl,Northridge_Heights,Norm,Norm,TwnhsE,One_Story,Average,2009,2010,Gable,CompShg,VinylSd,VinylSd,Stone,128,Typical,PConc,Typical,Mn,GLQ,3,Unf,0,625,1358,GasA,Excellent,Y,SBrkr,1358,0,1358,1,0,2,0,2,1,6,Typ,1,Attchd,RFn,2,484,Typical,Paved,192,35,0,0,0,0,No_Pool,No_Fence,None,0,6,2010,New,Partial,224000,-93.650436,42.058388,46
One_Story_1946_and_Newer_All_Styles,Floating_Village_Residential,92,9215,Pave,No_Alley_Access,Regular,Lvl,AllPub,Inside,Gtl,Somerset,Norm,Norm,OneFam,One_Story,Average,2009,2010,Hip,CompShg,VinylSd,VinylSd,None,0,Typical,PConc,Typical,No,Unf,7,Unf,0,1218,1218,GasA,Excellent,Y,SBrkr,1218,0,1218,0,0,2,0,2,1,4,Typ,0,Attchd,RFn,2,676,Typical,Paved,0,136,0,0,0,0,No_Pool,No_Fence,None,0,4,2010,New,Partial,204500,-93.649976,42.051827,68
Two_Story_PUD_1946_and_Newer,Floating_Village_Residential,30,3215,Pave,Paved,Regular,Lvl,AllPub,Inside,Gtl,Somerset,Norm,Norm,TwnhsE,Two_Story,Average,2004,2004,Gable,CompShg,MetalSd,MetalSd,BrkFace,120,Typical,PConc,Typical,Av,GLQ,3,Unf,0,320,600,GasA,Excellent,Y,SBrkr,600,600,1200,0,0,2,1,2,1,4,Typ,0,Detchd,RFn,2,480,Typical,Paved,0,172,0,0,0,0,No_Pool,No_Fence,None,0,4,2010,ConLD,Normal,155000,-93.645599,42.048566,96
One_Story_1946_and_Newer_All_Styles,Residential_Low_Density,90,9900,Pave,No_Alley_Access,Regular,Lvl,AllPub,Corner,Gtl,North_Ames,Norm,Norm,OneFam,One_Story,Average,1966,1966,Hip,CompShg,HdBoard,HdBoard,None,0,Typical,PConc,Typical,No,BLQ,2,Unf,0,150,1209,GasA,Good,Y,SBrkr,1209,0,1209,1,0,1,0,3,1,6,Typ,0,Attchd,RFn,2,504,Typical,Paved,0,0,120,0,0,0,No_Pool,No_Fence,None,0,4,2010,ConLD,Normal,159000,-93.626939,42.039085,121
Split_or_Multilevel,Residential_Low_Density,0,10600,Pave,Paved,Slightly_Irregular,Lvl,AllPub,Inside,Gtl,North_Ames,Norm,Norm,OneFam,SLvl,Average,1964,1964,Gable,CompShg,HdBoard,HdBoard,None,0,Typical,CBlock,Typical,No,Unf,7,Unf,0,533,533,GasA,Typical,Y,SBrkr,1131,644,1775,0,0,2,0,3,1,8,Typ,0,Attchd,Unf,2,480,Typical,Paved,0,172,0,0,0,0,No_Pool,No_Fence,None,0,5,2010,COD,Family,136300,-93.626785,42.040326,123
Duplex_All_Styles_and_Ages,Residential_Low_Density,98,13260,Pave,No_Alley_Access,Slightly_Irregular,Lvl,AllPub,Inside,Gtl,North_Ames,Norm,Norm,Duplex,One_Story,Above_Average,1962,2001,Hip,CompShg,HdBoard,HdBoard,BrkFace,144,Typical,CBlock,Typical,No,BLQ,2,Unf,0,228,1728,GasA,Typical,Y,SBrkr,1728,0,1728,2,0,2,0,6,2,10,Typ,0,No_Garage,No_Garage,0,0,No_Garage,Paved,0,0,0,0,0,0,No_Pool,No_Fence,None,0,1,2010,Oth,Abnorml,84900,-93.622904,42.0418387,126
One_Story_1946_and_Newer_All_Styles,Residential_Low_Density,0,12160,Pave,No_Alley_Access,Slightly_Irregular,Lvl,AllPub,Inside,Gtl,North_Ames,Norm,Norm,OneFam,One_Story,Average,1959,1959,Hip,CompShg,Plywood,Plywood,BrkFace,180,Typical,CBlock,Typical,No,Rec,6,Unf,0,188,1188,GasA,Fair,Y,SBrkr,1188,0,1188,1,0,1,0,3,1,6,Typ,0,Attchd,RFn,2,531,Typical,Paved,0,0,0,0,0,0,No_Pool,Minimum_Privacy,None,0,5,2010,COD,Abnorml,142000,-93.614882,42.044052,145
One_and_Half_Story_Finished_All_Ages,Residential_Medium_Density,60,4800,Pave,No_Alley_Access,Regular,Lvl,AllPub,Corner,Gtl,Old_Town,Norm,Norm,OneFam,One_and_Half_Fin,Average,1900,1954,Hip,CompShg,Wd Sdng,Wd Sdng,BrkFace,771,Typical,PConc,Typical,No,ALQ,1,Unf,0,661,709,GasA,Typical,Y,SBrkr,1157,687,1844,1,0,1,0,3,1,9,Min2,2,Basment,Unf,1,240,Typical,Paved,84,0,0,0,0,0,No_Pool,No_Fence,None,0,1,2010,COD,Abnorml,80400,-93.617014,42.033313,170
One_and_Half_Story_Finished_All_Ages,Residential_Low_Density,72,10632,Pave,No_Alley_Access,Slightly_Irregular,Lvl,AllPub,Inside,Gtl,Clear_Creek,Norm,Norm,OneFam,One_and_Half_Fin,Fair,1917,1950,Gable,CompShg,Wd Sdng,Wd Sdng,None,0,Typical,BrkTil,Fair,No,Unf,7,Unf,0,689,689,GasA,Good,N,SBrkr,725,499,1224,0,0,1,1,3,1,6,Mod,0,Detchd,Unf,1,180,Fair,Dirt_Gravel,0,0,248,0,0,0,No_Pool,No_Fence,None,0,1,2010,COD,Normal,107500,-93.658265,42.028256,211
Two_Family_conversion_All_Styles_and_Ages,Residential_Low_Density,60,9900,Pave,No_Alley_Access,Regular,Lvl,AllPub,Inside,Gtl,South_and_West_of_Iowa_State_University,Norm,Norm,TwoFmCon,One_and_Half_Fin,Below_Average,1915,1950,Gable,CompShg,Wd Sdng,Wd Shng,None,0,Fair,BrkTil,Typical,No,Rec,6,Unf,0,186,1212,GasA,Typical,N,SBrkr,1212,180,1392,1,0,1,0,3,1,6,Typ,0,No_Garage,No_Garage,0,0,No_Garage,Dirt_Gravel,0,0,168,0,0,0,No_Pool,No_Fence,None,0,2,2010,ConLD,Normal,100000,-93.656924,42.026752,212
One_Story_1946_and_Newer_All_Styles,Residential_Low_Density,0,11200,Pave,No_Alley_Access,Slightly_Irregular,Lvl,AllPub,CulDSac,Gtl,Edwards,Norm,Norm,OneFam,One_Story,Fair,1964,1964,Gable,CompShg,Wd Sdng,Wd Sdng,None,0,Fair,CBlock,Typical,Mn,Unf,7,Unf,0,1250,1250,GasA,Excellent,Y,SBrkr,1298,0,1298,0,0,2,0,3,1,5,Typ,0,Detchd,Unf,2,504,Fair,Dirt_Gravel,0,144,0,0,0,0,No_Pool,No_Fence,None,0,6,2010,COD,Normal,114000,-93.663367,42.025019,243
One_Story_1945_and_Older,Residential_Low_Density,67,8777,Pave,No_Alley_Access,Regular,Lvl,AllPub,Inside,Mod,Edwards,Feedr,Norm,OneFam,One_Story,Above_Average,1945,2007,Gable,CompShg,VinylSd,VinylSd,None,0,Good,CBlock,No_Basement,No_Basement,No_Basement,5,No_Basement,0,0,0,GasA,Typical,N,SBrkr,640,0,640,0,0,1,0,2,1,5,Min1,0,Detchd,Unf,1,240,Typical,Dirt_Gravel,0,0,0,0,0,0,No_Pool,No_Fence,None,0,4,2010,ConLD,Normal,84900,-93.6783313,42.0203585,274
One_and_Half_Story_Finished_All_Ages,Residential_Medium_Density,50,9140,Pave,No_Alley_Access,Regular,HLS,AllPub,Inside,Gtl,Iowa_DOT_and_Rail_Road,Norm,Norm,OneFam,One_and_Half_Fin,Average,1921,1975,Gable,CompShg,Wd Sdng,Wd Sdng,None,0,Typical,BrkTil,Typical,Mn,BLQ,2,Unf,0,321,629,GasA,Fair,Y,SBrkr,727,380,1107,0,0,1,0,2,1,5,Typ,0,Detchd,Unf,1,625,Typical,Paved,0,56,0,0,200,0,No_Pool,Minimum_Privacy,None,0,4,2010,COD,Normal,110000,-93.626689,42.021474,304
One_and_Half_Story_Finished_All_Ages,C_all,60,7500,Pave,No_Alley_Access,Regular,Lvl,AllPub,Inside,Gtl,Iowa_DOT_and_Rail_Road,Norm,Norm,OneFam,One_and_Half_Fin,Below_Average,1920,1950,Gable,CompShg,MetalSd,MetalSd,None,0,Good,CBlock,Typical,No,Unf,7,Unf,0,698,698,GasA,Typical,Y,FuseA,698,430,1128,0,0,1,0,2,1,6,Typ,0,Detchd,RFn,2,528,Typical,Paved,30,0,164,0,0,0,No_Pool,No_Fence,None,0,4,2010,COD,Abnorml,68400,-93.615272,42.021456,305
Duplex_All_Styles_and_Ages,Residential_Low_Density,0,12760,Pave,No_Alley_Access,Slightly_Irregular,Lvl,AllPub,Inside,Gtl,Mitchell,Norm,Norm,Duplex,One_Story,Average,1976,1976,Gable,CompShg,Plywood,Plywood,None,0,Typical,CBlock,Typical,No,Unf,7,Unf,0,1958,1958,GasA,Typical,Y,SBrkr,2048,0,2048,0,0,3,0,5,2,9,Typ,0,More_Than_Two_Types,Unf,2,776,Typical,Paved,0,0,0,0,0,0,No_Pool,No_Fence,None,0,3,2010,ConLD,Normal,170000,-93.602002,41.994013,314
Two_Story_1946_and_Newer,Residential_Low_Density,92,12003,Pave,No_Alley_Access,Regular,Lvl,AllPub,Corner,Gtl,Timberland,Norm,Norm,OneFam,Two_Story,Average,2009,2010,Gable,CompShg,VinylSd,VinylSd,BrkFace,84,Typical,PConc,Typical,No,Unf,7,Unf,0,774,774,GasA,Excellent,Y,SBrkr,774,1194,1968,0,0,2,1,4,1,8,Typ,1,BuiltIn,Fin,3,680,Typical,Paved,0,75,0,0,0,0,No_Pool,No_Fence,None,0,5,2010,New,Partial,269500,-93.649471,41.99353,319
One_Story_1946_and_Newer_All_Styles,Residential_Low_Density,82,11880,Pave,No_Alley_Access,Slightly_Irregular,Lvl,AllPub,Inside,Gtl,Northwest_Ames,RRAn,Norm,OneFam,One_Story,Average,1978,1978,Gable,CompShg,Plywood,Plywood,BrkFace,206,Typical,CBlock,Typical,No,ALQ,1,Unf,0,567,1271,GasA,Typical,Y,SBrkr,1601,0,1601,0,0,2,0,3,1,7,Typ,1,Attchd,RFn,2,478,Typical,Paved,0,0,0,0,0,0,No_Pool,No_Fence,None,0,4,2009,COD,Abnorml,157000,-93.637289,42.050345,381
Two_Story_PUD_1946_and_Newer,Residential_Medium_Density,21,1680,Pave,No_Alley_Access,Regular,Lvl,AllPub,Inside,Gtl,Briardale,Norm,Norm,Twnhs,Two_Story,Average,1971,1971,Gable,CompShg,HdBoard,HdBoard,BrkFace,142,Typical,CBlock,Typical,No,Unf,7,Unf,0,630,630,GasA,Typical,Y,SBrkr,630,672,1302,0,0,2,1,3,1,6,Typ,0,Detchd,Unf,1,280,Typical,Paved,0,0,0,0,0,0,No_Pool,No_Fence,None,0,5,2009,COD,Abnorml,112000,-93.627565,42.051683,405
Two_Story_1946_and_Newer,Residential_Low_Density,104,13518,Pave,No_Alley_Access,Regular,Lvl,AllPub,Inside,Gtl,Northridge_Heights,Norm,Norm,OneFam,Two_Story,Average,2008,2009,Hip,CompShg,VinylSd,VinylSd,Stone,860,Typical,PConc,Typical,No,Unf,7,Unf,0,1926,1926,GasA,Excellent,Y,SBrkr,1966,1174,3140,0,0,3,1,4,1,11,Typ,2,BuiltIn,Fin,3,820,Typical,Paved,144,78,0,0,0,0,No_Pool,No_Fence,None,0,7,2009,New,Partial,485000,-93.652716,42.063025,423
Two_Story_1946_and_Newer,Residential_Low_Density,95,12350,Pave,No_Alley_Access,Regular,Lvl,AllPub,Inside,Gtl,Northridge_Heights,Norm,Norm,OneFam,Two_Story,Average,2009,2009,Gable,CompShg,VinylSd,VinylSd,None,0,Typical,PConc,Typical,No,GLQ,3,Unf,0,379,1365,GasA,Excellent,Y,SBrkr,1365,1325,2690,1,0,2,1,3,1,8,Typ,1,Attchd,RFn,3,864,Typical,Paved,0,197,0,0,0,0,No_Pool,No_Fence,None,0,7,2009,New,Partial,398800,-93.653955,42.062994,428
Two_Story_1946_and_Newer,Residential_Low_Density,107,13891,Pave,No_Alley_Access,Regular,Lvl,AllPub,Inside,Gtl,Northridge_Heights,Norm,Norm,OneFam,Two_Story,Average,2008,2009,Hip,CompShg,VinylSd,VinylSd,Stone,424,Typical,PConc,Typical,Gd,Unf,7,Unf,0,1734,1734,GasA,Excellent,Y,SBrkr,1734,1088,2822,0,0,3,1,4,1,12,Typ,1,BuiltIn,RFn,3,1020,Typical,Paved,52,170,0,0,192,0,No_Pool,No_Fence,None,0,1,2009,New,Partial,582933,-93.657049,42.0623985,434
One_Story_1946_and_Newer_All_Styles,Residential_Low_Density,87,10367,Pave,No_Alley_Access,Slightly_Irregular,Lvl,AllPub,Inside,Gtl,Northridge_Heights,Norm,Norm,OneFam,One_Story,Average,2008,2008,Hip,CompShg,VinylSd,VinylSd,Stone,284,Typical,PConc,Typical,Mn,GLQ,3,Unf,0,724,1739,GasA,Excellent,Y,SBrkr,1743,0,1743,1,0,2,0,3,1,8,Typ,1,Attchd,RFn,3,927,Typical,Paved,168,45,0,0,0,0,No_Pool,No_Fence,None,0,6,2009,ConLI,Normal,335000,-93.652884,42.061437,439
One_Story_1946_and_Newer_All_Styles,Residential_Low_Density,79,9541,Pave,No_Alley_Access,Slightly_Irregular,Lvl,AllPub,Inside,Gtl,Northridge_Heights,Norm,Norm,OneFam,One_Story,Average,2009,2009,Gable,CompShg,VinylSd,VinylSd,Stone,268,Typical,PConc,Typical,No,Unf,7,Unf,0,1502,1502,GasA,Excellent,Y,SBrkr,1502,0,1502,0,0,2,0,3,1,7,Typ,0,Attchd,RFn,2,644,Typical,Paved,0,114,0,0,0,0,No_Pool,No_Fence,None,0,9,2009,New,Partial,233170,-93.643771,42.061404,447
One_Story_PUD_1946_and_Newer,Residential_Low_Density,44,7390,Pave,No_Alley_Access,Slightly_Irregular,Lvl,AllPub,Inside,Gtl,Northridge_Heights,Norm,Norm,TwnhsE,One_Story,Average,2008,2009,Hip,CompShg,MetalSd,MetalSd,BrkFace,308,Typical,PConc,Typical,No,GLQ,3,Unf,0,1084,1884,GasA,Excellent,Y,SBrkr,1884,0,1884,1,0,2,0,2,1,6,Typ,1,Attchd,Fin,2,649,Typical,Paved,231,90,0,0,0,0,No_Pool,No_Fence,None,0,5,2009,New,Partial,320000,-93.654203999999993,42.057164,459
One_Story_1946_and_Newer_All_Styles,Residential_Low_Density,74,9612,Pave,No_Alley_Access,Regular,Lvl,AllPub,Inside,Gtl,Somerset,Feedr,Norm,OneFam,One_Story,Average,2008,2009,Gable,CompShg,VinylSd,VinylSd,Stone,72,Typical,PConc,Typical,No,Unf,7,Unf,0,1468,1468,GasA,Excellent,Y,SBrkr,1468,0,1468,0,0,2,0,3,1,6,Typ,1,Attchd,Fin,3,898,Typical,Paved,210,150,0,0,0,0,No_Pool,No_Fence,None,0,12,2009,New,Partial,244600,-93.644121,42.054282,507
One_Story_1946_and_Newer_All_Styles,Floating_Village_Residential,90,7993,Pave,No_Alley_Access,Slightly_Irregular,Lvl,AllPub,Inside,Gtl,Somerset,Norm,Norm,OneFam,One_Story,Average,2008,2009,Gable,CompShg,VinylSd,VinylSd,None,0,Typical,PConc,Typical,No,Unf,7,Unf,0,1436,1436,GasA,Excellent,Y,SBrkr,1436,0,1436,0,0,2,0,3,1,6,Typ,0,Attchd,Fin,2,529,Typical,Paved,0,121,0,0,0,0,No_Pool,No_Fence,None,0,10,2009,New,Partial,225000,-93.650417,42.051645,518
One_Story_1946_and_Newer_All_Styles,Floating_Village_Residential,72,8640,Pave,No_Alley_Access,Regular,Lvl,AllPub,Inside,Gtl,Somerset,Norm,Norm,OneFam,One_Story,Average,2009,2009,Gable,CompShg,CemntBd,CmentBd,Stone,72,Typical,PConc,Typical,Mn,GLQ,3,Unf,0,364,1300,GasA,Excellent,Y,SBrkr,1314,0,1314,1,0,2,0,3,1,6,Typ,0,Attchd,RFn,2,552,Typical,Paved,135,112,0,0,0,0,No_Pool,No_Fence,None,0,9,2009,New,Partial,229456,-93.650377,42.051648,519
One_Story_1946_and_Newer_All_Styles,Floating_Village_Residential,65,8125,Pave,No_Alley_Access,Regular,Lvl,AllPub,Corner,Gtl,Somerset,Norm,Norm,OneFam,One_Story,Average,2008,2009,Hip,CompShg,VinylSd,VinylSd,BrkFace,288,Typical,PConc,Typical,No,Unf,7,Unf,0,1836,1836,GasA,Excellent,Y,SBrkr,1836,0,1836,0,0,2,0,3,1,8,Typ,1,Attchd,Fin,2,517,Typical,Paved,0,175,0,0,0,0,No_Pool,No_Fence,None,0,10,2009,New,Partial,264500,-93.643752,42.051378,528
One_Story_1946_and_Newer_All_Styles,Residential_Low_Density,61,7328,Pave,No_Alley_Access,Regular,Lvl,AllPub,Inside,Gtl,Sawyer_West,Norm,Norm,OneFam,One_Story,Average,2008,2009,Gable,CompShg,VinylSd,VinylSd,BrkFace,140,Typical,PConc,Typical,No,Unf,7,Unf,0,1450,1450,GasA,Excellent,Y,SBrkr,1450,0,1450,0,0,2,0,2,1,6,Typ,0,Attchd,RFn,3,788,Typical,Paved,0,93,0,0,0,0,No_Pool,No_Fence,None,0,2,2009,New,Partial,224243,-93.690402,42.037434,543
One_Story_1946_and_Newer_All_Styles,Residential_Low_Density,88,10994,Pave,No_Alley_Access,Slightly_Irregular,Lvl,AllPub,Corner,Gtl,Sawyer_West,Norm,Norm,OneFam,One_Story,Average,2005,2006,Gable,CompShg,VinylSd,VinylSd,Stone,366,Typical,PConc,Good,No,GLQ,3,Unf,0,868,1844,GasA,Excellent,Y,SBrkr,1844,0,1844,1,0,2,0,2,1,7,Typ,1,Attchd,Fin,2,620,Typical,Paved,165,44,0,0,0,0,No_Pool,No_Fence,None,0,9,2009,COD,Abnorml,257000,-93.69139,42.03607,545
Two_Story_PUD_1946_and_Newer,Floating_Village_Residential,30,3000,Pave,Paved,Regular,Lvl,AllPub,Inside,Gtl,Somerset,Norm,Norm,TwnhsE,Two_Story,Average,2009,2009,Gable,CompShg,VinylSd,VinylSd,Stone,76,Typical,PConc,Typical,Av,GLQ,3,Unf,0,318,612,GasA,Excellent,Y,SBrkr,612,612,1224,0,0,2,1,2,1,4,Typ,0,Detchd,RFn,2,528,Typical,Paved,0,234,0,0,0,0,No_Pool,No_Fence,None,0,6,2009,New,Partial,173733,-93.646338,42.048488,568
One_Story_1946_and_Newer_All_Styles,Residential_Low_Density,80,9600,Pave,No_Alley_Access,Regular,Lvl,AllPub,Inside,Gtl,North_Ames,Norm,Norm,OneFam,One_Story,Average,1967,1967,Hip,CompShg,HdBoard,HdBoard,None,0,Typical,CBlock,Typical,No,Unf,7,Unf,0,1568,1568,GasA,Typical,Y,SBrkr,1568,0,1568,0,0,1,1,3,1,7,Typ,0,Attchd,Unf,2,440,Typical,Paved,160,40,0,0,0,0,No_Pool,No_Fence,None,0,3,2009,COD,Normal,143000,-93.627047,42.0467129,595
Two_Story_1946_and_Newer,Residential_Low_Density,80,9600,Pave,No_Alley_Access,Regular,Lvl,AllPub,Inside,Gtl,Northwest_Ames,Norm,Norm,OneFam,Two_Story,Average,1974,1974,Gable,CompShg,Plywood,Plywood,BrkFace,252,Typical,CBlock,Typical,No,ALQ,1,Unf,0,467,1165,GasA,Good,Y,SBrkr,1165,896,2061,0,1,2,1,4,1,8,Typ,1,Attchd,RFn,2,498,Typical,Paved,0,77,0,0,196,0,No_Pool,No_Fence,None,0,5,2009,COD,Abnorml,168500,-93.630714,42.044821,597
One_Story_1946_and_Newer_All_Styles,Residential_Low_Density,115,10500,Pave,No_Alley_Access,Slightly_Irregular,Lvl,AllPub,Inside,Gtl,North_Ames,Norm,Norm,OneFam,One_Story,Average,1964,1964,Gable,CompShg,HdBoard,HdBoard,Stone,144,Good,CBlock,Typical,No,LwQ,4,Unf,0,294,1292,GasA,Typical,Y,SBrkr,1292,0,1292,1,0,1,1,3,1,6,Typ,2,Detchd,Unf,2,520,Typical,Paved,0,32,0,0,92,0,No_Pool,No_Fence,None,0,7,2009,COD,Abnorml,145100,-93.6273127,42.0407264,608
Two_Family_conversion_All_Styles_and_Ages,Residential_Medium_Density,33,4456,Pave,No_Alley_Access,Regular,Lvl,AllPub,Inside,Gtl,Old_Town,Norm,Norm,TwoFmCon,Two_Story,Average,1920,2008,Gable,CompShg,MetalSd,MetalSd,None,0,Typical,BrkTil,Typical,No,Unf,7,Unf,0,736,736,GasA,Good,Y,SBrkr,736,716,1452,0,0,2,0,2,3,8,Typ,0,No_Garage,No_Garage,0,0,No_Garage,Dirt_Gravel,0,0,102,0,0,0,No_Pool,No_Fence,None,0,6,2009,New,Partial,113000,-93.618648,42.0296722,713
One_and_Half_Story_Finished_All_Ages,Residential_Medium_Density,60,5400,Pave,No_Alley_Access,Regular,Lvl,AllPub,Inside,Gtl,Old_Town,Norm,Norm,OneFam,One_and_Half_Fin,Above_Average,1920,1950,Gable,CompShg,MetalSd,MetalSd,None,0,Typical,BrkTil,Typical,No,Unf,7,Unf,0,972,972,GasA,Excellent,Y,SBrkr,1044,0,1480,0,0,1,0,3,1,6,Typ,0,Detchd,Unf,1,207,Typical,Paved,0,0,176,0,0,0,No_Pool,No_Fence,None,0,9,2009,ConLI,Family,119000,-93.608707,42.0272,725
Split_or_Multilevel,Residential_Low_Density,88,15312,Pave,No_Alley_Access,Regular,Lvl,AllPub,Inside,Gtl,Sawyer,Norm,Norm,OneFam,SLvl,Average,1960,1960,Hip,CompShg,Wd Sdng,Wd Sdng,BrkFace,54,Typical,CBlock,Typical,Av,BLQ,2,Unf,0,550,1138,GasA,Excellent,Y,SBrkr,1138,0,1138,0,1,1,0,3,1,6,Typ,1,Attchd,RFn,2,480,Typical,Paved,0,0,0,0,140,0,No_Pool,Minimum_Privacy,None,0,3,2009,COD,Normal,148000,-93.666813,42.032302,779
One_Story_1946_and_Newer_All_Styles,Residential_Low_Density,0,10708,Pave,No_Alley_Access,Slightly_Irregular,Lvl,AllPub,Inside,Gtl,Clear_Creek,Norm,Norm,OneFam,One_Story,Average,1955,1993,Hip,CompShg,Wd Sdng,Wd Sdng,None,0,Typical,CBlock,Typical,No,LwQ,4,BLQ,768,470,1617,GasA,Excellent,Y,FuseA,1867,0,1867,1,0,1,0,2,1,7,Typ,3,Attchd,Fin,1,303,Typical,Paved,476,0,0,0,142,0,No_Pool,Good_Wood,None,0,11,2009,COD,Normal,190000,-93.666242,42.028468,786
Two_Story_1946_and_Newer,Residential_Low_Density,43,10667,Pave,No_Alley_Access,Moderately_Irregular,Lvl,AllPub,CulDSac,Gtl,College_Creek,PosN,Norm,OneFam,Two_Story,Above_Average,1996,1996,Gable,CompShg,VinylSd,VinylSd,None,0,Typical,PConc,Typical,Av,GLQ,3,ALQ,344,70,799,GasA,Excellent,Y,SBrkr,827,834,1661,1,0,2,1,3,1,6,Typ,1,Attchd,RFn,2,550,Typical,Paved,158,61,0,0,0,0,No_Pool,No_Fence,None,0,4,2009,ConLw,Normal,212000,-93.690401,42.020817,839
Split_Foyer,Residential_Low_Density,64,7301,Pave,No_Alley_Access,Regular,Lvl,AllPub,Corner,Gtl,Edwards,Norm,Norm,OneFam,SFoyer,Average,2003,2003,Gable,CompShg,HdBoard,HdBoard,BrkFace,500,Typical,Slab,No_Basement,No_Basement,No_Basement,5,No_Basement,0,0,0,GasA,Excellent,Y,SBrkr,495,1427,1922,0,0,3,0,4,1,7,Typ,1,BuiltIn,RFn,2,672,Typical,Paved,0,0,177,0,0,0,No_Pool,No_Fence,None,0,7,2009,ConLD,Normal,198500,-93.672234,42.018988,888
One_Story_1946_and_Newer_All_Styles,Residential_Low_Density,0,8926,Pave,No_Alley_Access,Slightly_Irregular,Lvl,AllPub,Corner,Gtl,Edwards,Norm,Norm,OneFam,One_Story,Fair,1956,1956,Gable,CompShg,AsbShng,AsbShng,None,0,Typical,CBlock,Typical,No,Unf,7,Unf,0,672,672,GasA,Excellent,Y,FuseA,960,0,960,0,0,1,0,3,1,5,Typ,0,Basment,Unf,1,288,Typical,Paved,64,0,0,0,160,0,No_Pool,Minimum_Privacy,None,0,10,2009,COD,Abnorml,112000,-93.663302,42.018592,902
Duplex_All_Styles_and_Ages,Residential_Low_Density,75,10125,Pave,No_Alley_Access,Regular,Lvl,AllPub,Inside,Gtl,Mitchell,Norm,Norm,Duplex,One_and_Half_Fin,Average,1977,1977,Gable,CompShg,Plywood,Plywood,None,0,Typical,CBlock,No_Basement,No_Basement,No_Basement,5,No_Basement,0,0,0,GasA,Typical,Y,SBrkr,1302,432,1734,0,0,2,0,4,2,8,Typ,0,Attchd,Unf,2,539,Typical,Paved,0,0,0,0,0,0,No_Pool,No_Fence,None,0,8,2009,COD,Normal,126000,-93.604519,41.996919,953
One_Story_1946_and_Newer_All_Styles,Residential_Low_Density,82,11070,Pave,No_Alley_Access,Regular,Lvl,AllPub,Inside,Gtl,Mitchell,Norm,Norm,OneFam,One_Story,Average,1991,1991,Gable,CompShg,HdBoard,HdBoard,None,0,Typical,PConc,Typical,No,BLQ,2,Unf,0,1527,1582,GasA,Typical,Y,SBrkr,1595,0,1595,1,0,2,0,2,1,5,Typ,0,Detchd,Unf,2,672,Typical,Paved,0,0,0,0,0,0,No_Pool,No_Fence,None,0,4,2009,COD,Abnorml,152000,-93.602424,41.996066,955
One_Story_1946_and_Newer_All_Styles,Residential_Low_Density,104,11361,Pave,No_Alley_Access,Regular,Lvl,AllPub,Inside,Gtl,Northwest_Ames,Norm,Norm,OneFam,One_Story,Average,1976,1976,Gable,CompShg,Plywood,Plywood,BrkFace,160,Typical,CBlock,Typical,No,ALQ,1,Unf,0,549,1193,GasA,Typical,Y,SBrkr,1523,0,1523,0,1,2,0,3,1,7,Typ,1,Attchd,Fin,2,478,Typical,Paved,0,0,0,0,189,0,No_Pool,Minimum_Privacy,None,0,5,2008,COD,Abnorml,180000,-93.633905,42.050679,1029
One_Story_PUD_1946_and_Newer,Residential_Low_Density,53,4043,Pave,No_Alley_Access,Regular,Lvl,AllPub,Inside,Gtl,Northpark_Villa,Norm,Norm,TwnhsE,One_Story,Above_Average,1977,1977,Gable,CompShg,Plywood,Plywood,None,0,Typical,CBlock,Typical,No,ALQ,1,Unf,0,510,1069,GasA,Typical,Y,SBrkr,1069,0,1069,0,0,2,0,2,1,4,Typ,0,Attchd,RFn,2,440,Typical,Paved,0,55,0,0,200,0,No_Pool,No_Fence,None,0,10,2008,COD,Abnorml,140000,-93.627234,42.050001,1047
Two_Story_1946_and_Newer,Residential_Low_Density,96,12474,Pave,No_Alley_Access,Regular,Lvl,AllPub,Inside,Gtl,Northridge_Heights,Norm,Norm,OneFam,Two_Story,Average,2007,2008,Gable,CompShg,VinylSd,VinylSd,Stone,272,Typical,PConc,Typical,Av,GLQ,3,Unf,0,402,1682,GasA,Excellent,Y,SBrkr,1742,590,2332,1,0,2,1,3,1,9,Typ,1,BuiltIn,Fin,3,846,Typical,Paved,196,134,0,0,0,0,No_Pool,No_Fence,None,0,8,2008,New,Partial,426000,-93.6573126,42.0632692,1052
Two_Story_1946_and_Newer,Residential_Low_Density,67,14948,Pave,No_Alley_Access,Slightly_Irregular,Lvl,AllPub,Inside,Gtl,Northridge_Heights,Norm,Norm,OneFam,Two_Story,Average,2008,2008,Hip,CompShg,VinylSd,VinylSd,Stone,268,Typical,PConc,Typical,Av,GLQ,3,Unf,0,122,1452,GasA,Excellent,Y,SBrkr,1476,1237,2713,1,0,2,1,3,1,11,Typ,1,Attchd,Fin,3,858,Typical,Paved,126,66,0,0,0,0,No_Pool,No_Fence,None,0,11,2008,New,Partial,446261,-93.652744,42.062925,1054
One_Story_1946_and_Newer_All_Styles,Residential_Low_Density,98,12704,Pave,No_Alley_Access,Regular,Lvl,AllPub,Inside,Gtl,Northridge_Heights,Norm,Norm,OneFam,One_Story,Average,2007,2007,Hip,CompShg,VinylSd,VinylSd,Stone,302,Typical,PConc,Typical,No,GLQ,3,Unf,0,570,1582,GasA,Excellent,Y,SBrkr,1582,0,1582,1,0,2,0,3,1,7,Typ,0,Attchd,Fin,3,905,Typical,Paved,209,95,0,0,0,0,No_Pool,No_Fence,None,0,1,2008,New,Partial,317500,-93.654642,42.062259,1055
One_Story_PUD_1946_and_Newer,Residential_Low_Density,58,10110,Pave,No_Alley_Access,Slightly_Irregular,Lvl,AllPub,Inside,Gtl,Northridge_Heights,Norm,Norm,TwnhsE,One_Story,Average,2008,2008,Hip,CompShg,MetalSd,MetalSd,BrkFace,492,Typical,PConc,Typical,No,GLQ,3,Unf,0,1486,1858,GasA,Excellent,Y,SBrkr,1866,0,1866,1,0,2,0,2,1,7,Typ,1,Attchd,Fin,3,870,Typical,Paved,0,48,0,0,0,0,No_Pool,No_Fence,None,0,11,2008,New,Partial,336860,-93.654187,42.057164,1070
One_Story_PUD_1946_and_Newer,Residential_Low_Density,89,8232,Pave,No_Alley_Access,Slightly_Irregular,Lvl,AllPub,Inside,Gtl,Northridge_Heights,Norm,Norm,TwnhsE,One_Story,Average,2007,2008,Hip,CompShg,MetalSd,MetalSd,BrkFace,714,Typical,PConc,Typical,No,GLQ,3,Unf,0,596,1800,GasA,Excellent,Y,SBrkr,1800,0,1800,1,0,2,0,2,1,6,Typ,1,Attchd,RFn,3,944,Typical,Paved,210,0,0,0,0,0,No_Pool,No_Fence,None,0,6,2008,New,Partial,370967,-93.651845,42.057446,1075
One_Story_PUD_1946_and_Newer,Residential_Low_Density,55,7301,Pave,No_Alley_Access,Slightly_Irregular,Lvl,AllPub,Inside,Gtl,Northridge_Heights,Norm,Norm,TwnhsE,One_Story,Above_Average,2007,2008,Gable,CompShg,VinylSd,VinylSd,Stone,176,Typical,PConc,Typical,No,GLQ,3,Unf,0,474,1350,GasA,Excellent,Y,SBrkr,1358,0,1358,1,0,2,0,2,1,6,Typ,1,Attchd,RFn,2,484,Typical,Paved,192,26,0,0,0,0,No_Pool,No_Fence,None,0,11,2008,New,Partial,217300,-93.649587,42.058377,1092
One_Story_1946_and_Newer_All_Styles,Residential_Low_Density,92,11932,Pave,No_Alley_Access,Regular,Lvl,AllPub,FR2,Gtl,Somerset,Feedr,Norm,OneFam,One_Story,Average,2007,2008,Gable,CompShg,VinylSd,VinylSd,Stone,186,Typical,PConc,Typical,No,Unf,7,Unf,0,1580,1580,GasA,Excellent,Y,SBrkr,1580,0,1580,0,0,2,0,3,1,7,Typ,0,Attchd,RFn,3,830,Typical,Paved,0,24,0,0,0,0,No_Pool,No_Fence,None,0,6,2008,ConLD,Partial,235128,-93.644107,42.054236,1111
One_Story_1946_and_Newer_All_Styles,Residential_Low_Density,91,12274,Pave,No_Alley_Access,Slightly_Irregular,Lvl,AllPub,FR2,Gtl,Somerset,Norm,Norm,OneFam,One_Story,Average,2008,2008,Gable,CompShg,VinylSd,VinylSd,Stone,256,Typical,PConc,Typical,No,Unf,7,Unf,0,1417,1417,GasA,Excellent,Y,SBrkr,1428,0,1428,0,0,2,0,3,1,6,Typ,0,Attchd,RFn,2,554,Typical,Paved,0,60,0,0,0,0,No_Pool,No_Fence,None,0,7,2008,New,Partial,227680,-93.643976,42.054319,1117
Two_Story_1946_and_Newer,Residential_Low_Density,80,9428,Pave,No_Alley_Access,Regular,Lvl,AllPub,Inside,Gtl,Somerset,Norm,Norm,OneFam,Two_Story,Average,2007,2008,Hip,CompShg,VinylSd,VinylSd,Stone,310,Typical,PConc,Typical,Av,GLQ,3,Unf,0,226,955,GasA,Excellent,Y,SBrkr,955,919,1874,1,0,2,1,3,1,8,Typ,1,Attchd,Fin,3,880,Typical,Paved,168,108,0,0,0,0,No_Pool,No_Fence,None,0,2,2008,New,Partial,297900,-93.644024,42.054227,1119
One_Story_1946_and_Newer_All_Styles,Floating_Village_Residential,95,11639,Pave,No_Alley_Access,Regular,Lvl,AllPub,Corner,Gtl,Somerset,Norm,Norm,OneFam,One_Story,Average,2007,2008,Gable,CompShg,CemntBd,CmentBd,None,0,Typical,PConc,Typical,No,Unf,7,Unf,0,1428,1428,GasA,Excellent,Y,SBrkr,1428,0,1428,0,0,2,0,3,1,6,Typ,0,Attchd,Fin,2,480,Typical,Paved,0,120,0,0,0,0,No_Pool,No_Fence,None,0,12,2008,New,Partial,182000,-93.648255,42.050307,1123
Two_Story_1946_and_Newer,Floating_Village_Residential,85,10800,Pave,No_Alley_Access,Regular,Lvl,AllPub,Inside,Gtl,Somerset,Norm,Norm,OneFam,Two_Story,Average,2007,2008,Gable,CompShg,VinylSd,VinylSd,Stone,100,Typical,PConc,Typical,No,GLQ,3,Unf,0,245,1034,GasA,Excellent,Y,SBrkr,1050,1028,2078,1,0,2,1,3,1,8,Typ,1,Attchd,Fin,3,836,Typical,Paved,0,102,0,0,0,0,No_Pool,No_Fence,None,0,4,2008,New,Partial,339750,-93.6430423,42.0520487,1127
One_Story_1946_and_Newer_All_Styles,Floating_Village_Residential,62,7500,Pave,Paved,Regular,Lvl,AllPub,Inside,Gtl,Somerset,Norm,Norm,OneFam,One_Story,Average,2007,2008,Gable,CompShg,CemntBd,CmentBd,Stone,210,Typical,PConc,Typical,No,GLQ,3,Unf,0,316,1218,GasA,Excellent,Y,SBrkr,1218,0,1218,1,0,2,0,2,1,6,Typ,0,Attchd,Fin,2,462,Typical,Paved,168,168,0,0,0,0,No_Pool,No_Fence,None,0,4,2008,New,Partial,230348,-93.644018,42.051224,1130
One_Story_PUD_1946_and_Newer,Residential_Low_Density,32,10846,Pave,No_Alley_Access,Slightly_Irregular,Lvl,AllPub,CulDSac,Gtl,Veenker,Norm,Norm,TwnhsE,One_Story,Average,1993,1993,Gable,CompShg,BrkFace,BrkFace,None,0,Typical,PConc,Typical,Gd,GLQ,3,Unf,0,100,1719,GasA,Excellent,Y,SBrkr,1719,0,1719,2,0,1,1,1,1,6,Typ,2,Attchd,Fin,2,473,Typical,Paved,122,30,0,0,0,0,No_Pool,No_Fence,None,0,5,2008,Con,Normal,324000,-93.648954,42.044642,1181
Duplex_All_Styles_and_Ages,Residential_Low_Density,75,9750,Pave,No_Alley_Access,Regular,Lvl,AllPub,Inside,Gtl,Northwest_Ames,RRAn,Norm,Duplex,One_Story,Above_Average,1965,1965,Gable,CompShg,MetalSd,MetalSd,None,0,Typical,CBlock,Typical,No,Unf,7,Unf,0,1625,1625,GasA,Excellent,Y,SBrkr,1625,0,1625,0,0,2,0,4,2,8,Typ,0,Detchd,Unf,2,484,Typical,Paved,0,0,0,0,0,0,No_Pool,No_Fence,None,0,8,2008,ConLD,Normal,140500,-93.6324549,42.042943,1191
One_Story_1946_and_Newer_All_Styles,Residential_Low_Density,90,9900,Pave,No_Alley_Access,Regular,Lvl,AllPub,Corner,Gtl,North_Ames,Norm,Norm,OneFam,One_Story,Average,1961,1961,Gable,CompShg,Plywood,Plywood,None,0,Good,CBlock,Typical,No,Unf,7,Unf,0,1114,1114,GasA,Typical,Y,SBrkr,1114,0,1114,1,0,1,0,3,1,5,Typ,0,Attchd,RFn,2,451,Typical,Paved,0,0,0,0,164,0,No_Pool,No_Fence,None,0,5,2008,COD,Abnorml,140000,-93.626762,42.038323,1215
One_Story_1946_and_Newer_All_Styles,Residential_Low_Density,80,10197,Pave,No_Alley_Access,Slightly_Irregular,Lvl,AllPub,Inside,Gtl,North_Ames,Norm,Norm,OneFam,One_Story,Average,1961,1961,Gable,CompShg,WdShing,Wd Shng,BrkCmn,491,Typical,CBlock,Typical,No,ALQ,1,Rec,374,700,1362,GasA,Typical,Y,SBrkr,1362,0,1362,1,0,1,1,3,1,6,Typ,1,Attchd,Unf,2,504,Typical,Paved,0,20,0,0,0,0,No_Pool,No_Fence,None,0,6,2008,COD,Normal,163000,-93.616552,42.047782,1230
One_Story_1946_and_Newer_All_Styles,Residential_Low_Density,80,8400,Pave,No_Alley_Access,Regular,Lvl,AllPub,Inside,Gtl,North_Ames,Norm,Norm,OneFam,One_Story,Excellent,1962,2005,Gable,CompShg,Wd Sdng,Wd Sdng,BrkFace,237,Good,CBlock,Typical,No,Unf,7,Unf,0,1319,1319,GasA,Typical,Y,SBrkr,1537,0,1537,1,0,1,1,3,1,7,Typ,1,Attchd,RFn,2,462,Typical,Paved,0,36,0,0,0,0,No_Pool,Good_Privacy,None,0,7,2008,COD,Abnorml,174000,-93.6169916,42.0470799,1232
Two_Story_1945_and_Older,Residential_Medium_Density,34,4571,Pave,Gravel,Regular,Lvl,AllPub,Inside,Gtl,Old_Town,Norm,Norm,OneFam,Two_Story,Average,1916,1950,Gable,CompShg,AsbShng,AsbShng,None,0,Typical,BrkTil,Typical,No,Unf,7,Unf,0,624,624,GasA,Fair,N,SBrkr,624,720,1344,0,0,1,0,4,1,7,Typ,0,Detchd,Unf,3,513,Fair,Paved,0,0,96,0,0,0,No_Pool,No_Fence,None,0,5,2008,COD,Abnorml,98000,-93.618296,42.029253,1311
One_and_Half_Story_Finished_All_Ages,Residential_Medium_Density,60,6876,Pave,No_Alley_Access,Regular,Bnk,AllPub,Inside,Gtl,Iowa_DOT_and_Rail_Road,Norm,Norm,OneFam,One_and_Half_Fin,Above_Average,1938,1958,Gable,CompShg,Wd Sdng,Wd Sdng,None,0,Typical,BrkTil,Typical,No,Unf,7,Unf,0,1272,1272,GasA,Typical,Y,SBrkr,1272,0,1969,0,0,2,0,4,1,9,Min1,1,Detchd,Unf,2,400,Typical,Paved,0,34,0,0,0,0,No_Pool,No_Fence,None,0,11,2008,COD,Normal,141000,-93.627729,42.024265,1362
Two_Family_conversion_All_Styles_and_Ages,Residential_Low_Density,68,10880,Pave,No_Alley_Access,Regular,Lvl,AllPub,Inside,Gtl,Edwards,Norm,Norm,TwoFmCon,One_Story,Average,1950,1950,Gable,CompShg,MetalSd,MetalSd,None,0,Typical,CBlock,Typical,No,ALQ,1,Unf,0,124,1164,GasW,Typical,N,SBrkr,1164,0,1164,1,0,1,0,3,1,5,Typ,0,Detchd,Unf,1,240,Typical,Paved,0,48,0,0,0,0,No_Pool,No_Fence,None,0,8,2008,ConLD,Normal,125000,-93.662924,42.022902,1416
One_and_Half_Story_Finished_All_Ages,Residential_Low_Density,60,9084,Pave,No_Alley_Access,Regular,Lvl,AllPub,Inside,Gtl,Edwards,Artery,Norm,OneFam,One_and_Half_Fin,Above_Average,1941,1950,Gable,CompShg,VinylSd,VinylSd,None,0,Typical,CBlock,Fair,Mn,LwQ,4,Rec,380,0,616,GasA,Typical,N,SBrkr,616,495,1111,0,1,1,0,3,1,5,Typ,0,Detchd,Unf,1,200,Fair,Paved,48,0,0,0,0,0,No_Pool,No_Fence,None,0,3,2008,ConLw,Normal,95000,-93.659949,42.02283,1418
Two_Story_1946_and_Newer,Residential_Low_Density,65,10616,Pave,No_Alley_Access,Slightly_Irregular,Lvl,AllPub,Inside,Gtl,College_Creek,Norm,Norm,OneFam,Two_Story,Average,2007,2007,Gable,CompShg,VinylSd,VinylSd,None,0,Typical,PConc,Typical,No,Unf,7,Unf,0,628,628,GasA,Excellent,Y,SBrkr,628,728,1356,0,0,2,1,3,1,6,Typ,1,BuiltIn,Fin,2,484,Typical,Paved,100,24,0,0,0,0,No_Pool,No_Fence,None,0,3,2008,New,Partial,177439,-93.691284,42.025411,1424
One_Story_PUD_1946_and_Newer,Residential_Medium_Density,0,4438,Pave,No_Alley_Access,Regular,Lvl,AllPub,Inside,Gtl,College_Creek,Norm,Norm,TwnhsE,One_Story,Average,2004,2004,Gable,CompShg,VinylSd,VinylSd,BrkFace,169,Typical,PConc,Typical,Gd,GLQ,3,Unf,0,186,848,GasA,Excellent,Y,SBrkr,848,0,848,1,0,1,0,1,1,4,Typ,1,Attchd,Fin,2,420,Typical,Paved,140,0,0,0,0,0,No_Pool,No_Fence,None,0,6,2008,ConLD,Normal,144500,-93.681401,42.016122,1485
One_Story_PUD_1946_and_Newer,Residential_Medium_Density,64,5587,Pave,No_Alley_Access,Slightly_Irregular,HLS,AllPub,Inside,Mod,Crawford,Norm,Norm,TwnhsE,One_Story,Average,2008,2008,Hip,CompShg,CemntBd,CmentBd,Stone,186,Typical,PConc,Typical,Gd,GLQ,3,Unf,0,120,1600,GasA,Excellent,Y,SBrkr,1652,0,1652,1,1,2,0,2,1,5,Typ,1,Attchd,Fin,2,482,Typical,Paved,162,53,0,153,0,0,No_Pool,No_Fence,None,0,11,2008,New,Partial,392500,-93.616242,42.009326,1560
One_Story_1946_and_Newer_All_Styles,Residential_Low_Density,71,9520,Pave,No_Alley_Access,Slightly_Irregular,HLS,AllPub,Inside,Gtl,Timberland,Norm,Norm,OneFam,One_Story,Average,2007,2008,Gable,CompShg,VinylSd,VinylSd,Stone,338,Typical,PConc,Typical,Gd,GLQ,3,Unf,0,125,1638,GasA,Excellent,Y,SBrkr,1646,0,1646,1,0,2,0,3,1,7,Typ,1,Attchd,RFn,3,800,Typical,Paved,192,44,0,0,0,0,No_Pool,No_Fence,None,0,4,2008,New,Partial,293077,-93.653025,41.994841,1575
One_Story_1946_and_Newer_All_Styles,Residential_Low_Density,52,51974,Pave,No_Alley_Access,Slightly_Irregular,Lvl,AllPub,CulDSac,Gtl,Stone_Brook,PosN,Norm,OneFam,One_Story,Average,2006,2007,Hip,CompShg,VinylSd,VinylSd,BrkFace,710,Typical,PConc,Typical,Av,GLQ,3,Unf,0,1559,2660,GasA,Excellent,Y,SBrkr,2338,0,2338,1,0,2,1,4,1,8,Typ,2,Attchd,Fin,3,1110,Typical,Paved,0,135,0,0,322,0,No_Pool,No_Fence,None,0,6,2007,New,Partial,591587,-93.626366,42.061202,1638
One_Story_1946_and_Newer_All_Styles,Residential_Low_Density,60,8089,Pave,No_Alley_Access,Regular,HLS,AllPub,Inside,Gtl,Stone_Brook,Norm,Norm,OneFam,One_Story,Above_Average,2007,2007,Gable,CompShg,MetalSd,MetalSd,BrkFace,0,Typical,PConc,Typical,Av,GLQ,3,Unf,0,474,1419,GasA,Excellent,Y,SBrkr,1419,0,1419,1,0,2,0,2,1,7,Typ,1,Attchd,RFn,2,567,Typical,Paved,140,0,0,0,0,0,No_Pool,No_Fence,None,0,10,2007,New,Partial,392000,-93.630074,42.058893,1641
One_Story_1946_and_Newer_All_Styles,Residential_Low_Density,96,12469,Pave,No_Alley_Access,Regular,Lvl,AllPub,FR2,Gtl,Northridge_Heights,Norm,Norm,OneFam,One_Story,Average,2006,2007,Hip,CompShg,VinylSd,VinylSd,Stone,378,Typical,PConc,Typical,Gd,GLQ,3,Unf,0,639,1790,GasA,Excellent,Y,SBrkr,1816,0,1816,1,0,2,0,3,1,7,Typ,1,Attchd,Fin,3,730,Typical,Paved,186,36,0,0,0,0,No_Pool,No_Fence,None,0,8,2007,New,Partial,356000,-93.6588809,42.062574,1685
One_Story_1946_and_Newer_All_Styles,Residential_Low_Density,90,11694,Pave,No_Alley_Access,Regular,Lvl,AllPub,Inside,Gtl,Northridge_Heights,Norm,Norm,OneFam,One_Story,Average,2007,2007,Hip,CompShg,CemntBd,CmentBd,BrkFace,452,Typical,PConc,Typical,Av,GLQ,3,Unf,0,1774,1822,GasA,Excellent,Y,SBrkr,1828,0,1828,0,0,2,0,3,1,9,Typ,1,Attchd,Unf,3,774,Typical,Paved,0,108,0,0,260,0,No_Pool,No_Fence,None,0,7,2007,New,Partial,314813,-93.658015,42.063296,1686
One_Story_1946_and_Newer_All_Styles,Residential_Low_Density,91,11825,Pave,No_Alley_Access,Regular,Lvl,AllPub,Inside,Gtl,Northridge_Heights,Norm,Norm,OneFam,One_Story,Average,2006,2007,Gable,CompShg,CemntBd,CmentBd,Stone,302,Typical,PConc,Typical,Mn,Unf,7,Unf,0,1694,1694,GasA,Excellent,Y,SBrkr,1694,0,1694,0,0,2,0,3,1,7,Typ,1,Attchd,RFn,3,856,Typical,Paved,0,112,0,0,0,0,No_Pool,No_Fence,None,0,6,2007,New,Partial,322400,-93.6569765,42.0632689,1688
One_Story_1946_and_Newer_All_Styles,Residential_Low_Density,93,12085,Pave,No_Alley_Access,Regular,Lvl,AllPub,Inside,Gtl,Northridge_Heights,Norm,Norm,OneFam,One_Story,Average,2007,2007,Hip,CompShg,VinylSd,VinylSd,Stone,328,Typical,PConc,Typical,No,GLQ,3,Unf,0,730,1734,GasA,Excellent,Y,SBrkr,1734,0,1734,1,0,2,0,3,1,7,Typ,1,Attchd,RFn,3,928,Typical,Paved,0,0,0,0,0,0,No_Pool,No_Fence,None,0,11,2007,New,Partial,318000,-93.6566403,42.0632722,1689
One_Story_1946_and_Newer_All_Styles,Residential_Low_Density,107,14450,Pave,No_Alley_Access,Regular,Lvl,AllPub,Inside,Gtl,Northridge_Heights,Norm,Norm,OneFam,One_Story,Average,2006,2007,Gable,CompShg,CemntBd,CmentBd,BrkFace,315,Typical,PConc,Typical,Gd,Unf,7,Unf,0,2121,2121,GasA,Excellent,Y,SBrkr,2121,0,2121,0,0,2,1,3,1,8,Typ,1,Attchd,Fin,3,732,Typical,Paved,124,98,0,0,142,0,No_Pool,No_Fence,None,0,5,2007,New,Partial,415298,-93.6570383,42.0619544,1691
Two_Story_1946_and_Newer,Residential_Low_Density,107,13641,Pave,No_Alley_Access,Regular,Lvl,AllPub,Inside,Gtl,Northridge_Heights,Norm,Norm,OneFam,Two_Story,Average,2007,2007,Hip,CompShg,CemntBd,CmentBd,BrkFace,456,Typical,PConc,Typical,Gd,GLQ,3,Unf,0,630,1934,GasA,Excellent,Y,SBrkr,1943,713,2656,1,0,2,1,3,1,8,Typ,1,Attchd,RFn,3,1040,Typical,Paved,268,58,0,0,0,0,No_Pool,No_Fence,None,0,12,2007,New,Partial,492000,-93.6566568,42.061976,1692
Two_Story_1946_and_Newer,Residential_Low_Density,134,16659,Pave,No_Alley_Access,Slightly_Irregular,Lvl,AllPub,Corner,Gtl,Northridge_Heights,Norm,Norm,OneFam,Two_Story,Average,2007,2008,Gable,CompShg,VinylSd,VinylSd,None,0,Typical,PConc,Typical,No,Unf,7,Unf,0,1582,1582,GasA,Excellent,Y,SBrkr,1582,570,2152,0,0,2,1,3,1,7,Typ,1,Detchd,Unf,2,728,Typical,Paved,0,368,0,0,0,0,No_Pool,No_Fence,None,0,6,2007,New,Partial,260116,-93.6554248,42.061133,1703
Two_Story_1946_and_Newer,Residential_Low_Density,82,9709,Pave,No_Alley_Access,Slightly_Irregular,Lvl,AllPub,Inside,Gtl,Northridge_Heights,Norm,Norm,OneFam,Two_Story,Average,2007,2007,Gable,CompShg,VinylSd,VinylSd,Stone,120,Typical,PConc,Typical,Gd,GLQ,3,Unf,0,140,918,GasA,Excellent,Y,SBrkr,958,1142,2100,1,0,2,1,3,1,8,Typ,2,BuiltIn,Fin,3,786,Typical,Paved,172,104,0,0,0,0,No_Pool,No_Fence,None,0,9,2007,New,Partial,319500,-93.654617,42.060427,1705
Two_Story_1946_and_Newer,Residential_Low_Density,0,12568,Pave,No_Alley_Access,Regular,Lvl,AllPub,Inside,Gtl,Northridge_Heights,Norm,Norm,OneFam,Two_Story,Average,2007,2007,Hip,CompShg,VinylSd,VinylSd,Stone,246,Typical,PConc,Typical,Av,GLQ,3,Unf,0,226,895,GasA,Excellent,Y,SBrkr,895,923,1818,1,0,2,1,3,1,8,Typ,1,Attchd,Fin,3,774,Typical,Paved,196,104,0,0,0,0,No_Pool,No_Fence,None,0,8,2007,New,Partial,281500,-93.650597,42.059211,1712
Two_Story_1946_and_Newer,Residential_Low_Density,65,10237,Pave,No_Alley_Access,Regular,Lvl,AllPub,Inside,Gtl,Gilbert,RRAn,Norm,OneFam,Two_Story,Average,2005,2007,Gable,CompShg,VinylSd,VinylSd,None,0,Typical,PConc,Typical,No,Unf,7,Unf,0,783,783,GasA,Excellent,Y,SBrkr,783,701,1484,0,0,2,1,3,1,8,Typ,1,Attchd,Fin,2,393,Typical,Paved,0,72,0,0,0,0,No_Pool,No_Fence,None,0,7,2007,New,Partial,178900,-93.645875,42.062483,1730
Two_Story_1946_and_Newer,Residential_Low_Density,58,13204,Pave,No_Alley_Access,Slightly_Irregular,Lvl,AllPub,Inside,Gtl,Gilbert,RRAn,Norm,OneFam,Two_Story,Average,2006,2007,Gable,CompShg,VinylSd,VinylSd,Stone,44,Typical,PConc,Typical,No,Unf,7,Unf,0,608,608,GasA,Excellent,Y,SBrkr,608,850,1458,0,0,2,0,3,1,6,Typ,0,BuiltIn,Fin,2,454,Typical,Paved,100,33,0,0,0,0,No_Pool,No_Fence,None,0,5,2007,New,Partial,168165,-93.64573,42.062279,1731
Two_Story_1946_and_Newer,Residential_Low_Density,62,8857,Pave,No_Alley_Access,Slightly_Irregular,Lvl,AllPub,Inside,Gtl,Gilbert,Norm,Norm,OneFam,Two_Story,Average,2006,2006,Gable,CompShg,VinylSd,VinylSd,None,0,Typical,PConc,Typical,No,Unf,7,Unf,0,738,738,GasA,Excellent,Y,SBrkr,738,757,1495,0,0,2,1,3,1,7,Typ,1,Attchd,RFn,2,440,Typical,Paved,100,30,0,0,0,0,No_Pool,No_Fence,None,0,3,2007,New,Partial,171925,-93.644788,42.0626729,1732
Two_Story_1946_and_Newer,Residential_Low_Density,63,9729,Pave,No_Alley_Access,Slightly_Irregular,Lvl,AllPub,Inside,Gtl,Gilbert,Norm,Norm,OneFam,Two_Story,Average,2006,2007,Gable,CompShg,VinylSd,VinylSd,None,0,Typical,PConc,Typical,No,Unf,7,Unf,0,698,698,GasA,Excellent,Y,SBrkr,698,1048,1746,1,0,2,1,3,1,6,Typ,1,BuiltIn,Unf,3,350,Typical,Paved,0,34,0,0,0,0,No_Pool,No_Fence,None,0,6,2007,New,Partial,198444,-93.644415,42.06208,1733
Two_Story_1946_and_Newer,Residential_Low_Density,65,9018,Pave,No_Alley_Access,Slightly_Irregular,Lvl,AllPub,Inside,Gtl,Gilbert,Norm,Norm,OneFam,Two_Story,Average,2007,2007,Hip,CompShg,VinylSd,VinylSd,None,0,Typical,PConc,Typical,Av,Unf,7,Unf,0,728,728,GasA,Excellent,Y,SBrkr,728,728,1456,0,0,2,1,3,1,8,Typ,1,Attchd,Fin,2,400,Typical,Paved,100,24,0,0,0,0,No_Pool,No_Fence,None,0,7,2007,New,Partial,179540,-93.645732,42.062533,1735
One_Story_1946_and_Newer_All_Styles,Residential_Low_Density,73,8993,Pave,No_Alley_Access,Slightly_Irregular,Lvl,AllPub,Inside,Gtl,Gilbert,Norm,Norm,OneFam,One_Story,Average,2007,2007,Gable,CompShg,VinylSd,VinylSd,None,0,Typical,PConc,Typical,Av,Unf,7,Unf,0,1302,1302,GasA,Excellent,Y,SBrkr,1302,0,1302,0,0,2,0,3,1,6,Typ,0,Attchd,Fin,2,436,Typical,Paved,0,22,0,0,0,0,No_Pool,No_Fence,None,0,8,2007,New,Partial,176485,-93.644377,42.062887,1736
Two_Story_1946_and_Newer,Residential_Low_Density,72,8229,Pave,No_Alley_Access,Slightly_Irregular,Lvl,AllPub,Inside,Gtl,Gilbert,Norm,Norm,OneFam,Two_Story,Average,2007,2007,Gable,CompShg,VinylSd,VinylSd,Stone,22,Typical,PConc,Typical,Av,Unf,7,Unf,0,752,752,GasA,Excellent,Y,SBrkr,752,752,1504,0,0,2,1,3,1,6,Typ,0,Attchd,Fin,2,440,Typical,Paved,100,32,0,0,0,0,No_Pool,No_Fence,None,0,12,2007,New,Partial,166000,-93.644374,42.063019,1739
Two_Story_1946_and_Newer,Residential_Low_Density,64,7713,Pave,No_Alley_Access,Regular,Lvl,AllPub,Inside,Gtl,Gilbert,Norm,Norm,OneFam,Two_Story,Average,2007,2007,Gable,CompShg,VinylSd,VinylSd,Stone,16,Typical,PConc,Typical,No,Unf,7,Unf,0,728,728,GasA,Excellent,Y,SBrkr,728,728,1456,0,0,2,1,3,1,7,Typ,0,Attchd,Fin,2,400,Typical,Paved,100,24,0,0,0,0,No_Pool,No_Fence,None,0,7,2007,New,Partial,177594,-93.644447,42.063106,1740
One_Story_1946_and_Newer_All_Styles,Residential_Low_Density,64,7697,Pave,No_Alley_Access,Regular,Lvl,AllPub,Inside,Gtl,Gilbert,Norm,Norm,OneFam,One_Story,Above_Average,2007,2007,Gable,CompShg,VinylSd,VinylSd,BrkFace,0,Typical,PConc,Typical,No,Unf,7,Unf,0,1246,1246,GasA,Excellent,Y,SBrkr,1258,0,1258,0,0,2,0,3,1,6,Typ,0,Attchd,RFn,2,462,Typical,Paved,0,0,0,0,0,0,No_Pool,No_Fence,None,0,8,2007,New,Partial,173500,-93.644366,42.063342,1741
One_Story_1946_and_Newer_All_Styles,Residential_Low_Density,75,9910,Pave,No_Alley_Access,Regular,Lvl,AllPub,Inside,Gtl,Somerset,Feedr,Norm,OneFam,One_Story,Above_Average,2007,2007,Gable,CompShg,VinylSd,VinylSd,None,0,Typical,PConc,Typical,No,Unf,7,Unf,0,1369,1369,GasA,Excellent,Y,SBrkr,1369,0,1369,0,0,2,0,3,1,5,Typ,0,Attchd,Unf,2,605,Typical,Paved,0,203,0,0,0,0,No_Pool,No_Fence,None,0,9,2007,New,Partial,213133,-93.644118,42.054408,1776
One_Story_1946_and_Newer_All_Styles,Residential_Low_Density,91,11830,Pave,No_Alley_Access,Regular,Lvl,AllPub,Inside,Gtl,Somerset,Feedr,Norm,OneFam,One_Story,Average,2007,2007,Gable,CompShg,VinylSd,VinylSd,BrkFace,164,Typical,PConc,Typical,No,GLQ,3,Unf,0,322,1542,GasA,Excellent,Y,SBrkr,1542,0,1542,1,0,2,0,3,1,6,Typ,1,Attchd,Unf,3,852,Typical,Paved,168,110,0,0,0,0,No_Pool,No_Fence,None,0,7,2007,New,Partial,260261,-93.643769,42.055757,1777
One_Story_1946_and_Newer_All_Styles,Residential_Low_Density,98,12291,Pave,No_Alley_Access,Slightly_Irregular,Lvl,AllPub,Inside,Gtl,Somerset,Norm,Norm,OneFam,One_Story,Average,2007,2007,Hip,CompShg,CemntBd,CmentBd,BrkFace,754,Typical,PConc,Typical,Av,GLQ,3,Unf,0,394,1966,GasA,Excellent,Y,SBrkr,1966,0,1966,1,0,2,0,1,1,6,Typ,1,Attchd,Fin,3,1092,Typical,Paved,76,52,0,0,0,0,No_Pool,No_Fence,None,0,10,2007,New,Partial,419005,-93.642243,42.054354,1781
One_Story_1946_and_Newer_All_Styles,Residential_Low_Density,75,9986,Pave,No_Alley_Access,Regular,Lvl,AllPub,Inside,Gtl,Somerset,Norm,Norm,OneFam,One_Story,Average,2006,2007,Gable,CompShg,VinylSd,VinylSd,BrkFace,428,Typical,PConc,Typical,Av,Unf,7,Unf,0,1795,1795,GasA,Excellent,Y,SBrkr,1795,0,1795,0,0,2,0,2,1,7,Typ,1,Attchd,RFn,3,895,Typical,Paved,0,49,0,0,0,0,No_Pool,No_Fence,None,0,2,2007,New,Partial,147000,-93.64396,42.054514,1783
One_Story_1946_and_Newer_All_Styles,Residential_Low_Density,85,9965,Pave,No_Alley_Access,Regular,Lvl,AllPub,FR2,Gtl,Somerset,Feedr,Norm,OneFam,One_Story,Average,2007,2007,Gable,CompShg,VinylSd,VinylSd,None,0,Typical,PConc,Typical,No,Unf,7,Unf,0,1528,1528,GasA,Excellent,Y,SBrkr,1528,0,1528,0,0,3,2,3,1,6,Typ,1,Attchd,Unf,2,480,Typical,Paved,0,228,0,0,0,0,No_Pool,No_Fence,None,0,9,2007,New,Partial,235876,-93.644086,42.054154,1784
One_Story_1946_and_Newer_All_Styles,Residential_Low_Density,83,9849,Pave,No_Alley_Access,Regular,Lvl,AllPub,Inside,Gtl,Somerset,Norm,Norm,OneFam,One_Story,Above_Average,2007,2007,Hip,CompShg,VinylSd,VinylSd,Stone,0,Typical,PConc,Typical,Av,Unf,7,Unf,0,1689,1689,GasA,Excellent,Y,SBrkr,1689,0,1689,0,0,2,0,3,1,7,Typ,0,Attchd,RFn,3,954,Typical,Paved,0,56,0,0,0,0,No_Pool,No_Fence,None,0,6,2007,New,Partial,248328,-93.64248,42.054153,1786
One_Story_1946_and_Newer_All_Styles,Floating_Village_Residential,72,8640,Pave,No_Alley_Access,Regular,Lvl,AllPub,Inside,Gtl,Somerset,Norm,Norm,OneFam,One_Story,Average,2007,2007,Gable,CompShg,VinylSd,VinylSd,None,0,Typical,PConc,Typical,No,GLQ,3,Unf,0,1314,1338,GasA,Excellent,Y,SBrkr,1338,0,1338,0,0,2,0,3,1,6,Typ,0,Attchd,RFn,2,598,Typical,Paved,0,141,0,0,0,0,No_Pool,No_Fence,None,0,11,2007,New,Partial,208900,-93.650341,42.051802,1794
Two_Story_1946_and_Newer,Floating_Village_Residential,72,8640,Pave,No_Alley_Access,Regular,Lvl,AllPub,Inside,Gtl,Somerset,Norm,Norm,OneFam,Two_Story,Average,2007,2007,Gable,CompShg,VinylSd,VinylSd,None,0,Typical,PConc,Typical,Av,GLQ,3,Unf,0,546,896,GasA,Excellent,Y,SBrkr,896,896,1792,0,0,2,1,3,1,8,Typ,0,Attchd,Fin,2,590,Typical,Paved,184,96,0,0,0,0,No_Pool,No_Fence,None,0,11,2007,New,Partial,255000,-93.650299,42.051655,1796
Two_Story_1946_and_Newer,Floating_Village_Residential,75,9000,Pave,No_Alley_Access,Regular,Lvl,AllPub,Inside,Gtl,Somerset,Norm,Norm,OneFam,Two_Story,Average,2007,2007,Gable,CompShg,CemntBd,CmentBd,None,0,Typical,PConc,Typical,Av,GLQ,3,Unf,0,1120,1184,GasA,Excellent,Y,SBrkr,1184,1426,2610,0,0,2,1,4,1,11,Typ,1,BuiltIn,Fin,2,550,Typical,Paved,208,364,0,0,0,0,No_Pool,No_Fence,None,0,8,2007,New,Partial,303477,-93.647933,42.050301,1799
One_Story_PUD_1946_and_Newer,Floating_Village_Residential,32,3784,Pave,Paved,Slightly_Irregular,Lvl,AllPub,Inside,Gtl,Somerset,Norm,Norm,TwnhsE,One_Story,Average,2006,2007,Gable,CompShg,VinylSd,VinylSd,Stone,36,Typical,PConc,Typical,No,GLQ,3,Unf,0,1451,1511,GasA,Excellent,Y,SBrkr,1565,0,1565,1,0,2,0,2,1,5,Typ,0,Attchd,Fin,2,476,Typical,Paved,0,120,0,0,0,0,No_Pool,No_Fence,None,0,2,2007,New,Partial,193800,-93.647166,42.047406,1837
One_Story_PUD_1946_and_Newer,Floating_Village_Residential,47,4230,Pave,Paved,Regular,Lvl,AllPub,Corner,Gtl,Somerset,Norm,Norm,TwnhsE,One_Story,Average,2006,2007,Gable,CompShg,VinylSd,VinylSd,None,0,Typical,PConc,Good,No,Unf,7,Unf,0,1352,1352,GasA,Excellent,Y,SBrkr,1352,0,1352,0,0,2,0,2,1,5,Typ,1,Attchd,RFn,2,466,Typical,Paved,0,241,0,0,0,0,No_Pool,No_Fence,None,0,4,2007,New,Partial,208900,-93.646653,42.047711,1838
One_Story_PUD_1946_and_Newer,Floating_Village_Residential,40,3606,Pave,Paved,Regular,Lvl,AllPub,Inside,Gtl,Somerset,Norm,Norm,TwnhsE,One_Story,Average,2006,2007,Gable,CompShg,VinylSd,VinylSd,None,0,Typical,PConc,Good,No,GLQ,3,Unf,0,415,1352,GasA,Excellent,Y,SBrkr,1352,0,1352,1,0,2,0,2,1,5,Typ,1,Attchd,RFn,2,466,Typical,Paved,0,241,0,0,0,0,No_Pool,No_Fence,None,0,8,2007,New,Partial,194000,-93.646637,42.047705,1839
One_Story_PUD_1946_and_Newer,Floating_Village_Residential,30,5330,Pave,Paved,Moderately_Irregular,Lvl,AllPub,Inside,Gtl,Somerset,Norm,Norm,TwnhsE,One_Story,Average,2006,2007,Gable,CompShg,VinylSd,VinylSd,None,0,Typical,PConc,Typical,No,Unf,7,Unf,0,1550,1550,GasA,Excellent,Y,SBrkr,1550,0,1550,0,0,2,1,2,1,5,Typ,0,Attchd,Fin,2,528,Typical,Paved,0,102,0,0,0,0,No_Pool,No_Fence,None,0,7,2007,New,Partial,207500,-93.646607,42.047699,1840
One_Story_PUD_1946_and_Newer,Floating_Village_Residential,35,4274,Pave,Paved,Slightly_Irregular,Lvl,AllPub,Inside,Gtl,Somerset,Norm,Norm,TwnhsE,One_Story,Average,2006,2007,Gable,CompShg,VinylSd,VinylSd,None,0,Typical,PConc,Typical,No,GLQ,3,Unf,0,135,1241,GasA,Excellent,Y,SBrkr,1241,0,1241,1,0,1,1,1,1,4,Typ,0,Attchd,Fin,2,569,Typical,Paved,0,116,0,0,0,0,No_Pool,No_Fence,None,0,11,2007,New,Partial,199900,-93.646576,42.047687,1841
Two_Story_PUD_1946_and_Newer,Floating_Village_Residential,35,4251,Pave,Paved,Slightly_Irregular,Lvl,AllPub,Inside,Gtl,Somerset,Norm,Norm,TwnhsE,Two_Story,Average,2006,2007,Gable,CompShg,MetalSd,MetalSd,None,0,Typical,PConc,Typical,No,Unf,7,Unf,0,625,625,GasA,Excellent,Y,SBrkr,625,625,1250,0,0,2,1,2,1,5,Typ,0,Detchd,RFn,2,528,Typical,Paved,0,54,0,0,0,0,No_Pool,No_Fence,None,0,6,2007,New,Partial,164700,-93.646478,42.047667,1842
One_Story_1946_and_Newer_All_Styles,Residential_Low_Density,78,11700,Pave,No_Alley_Access,Regular,Lvl,AllPub,Inside,Gtl,Northwest_Ames,RRAn,Norm,OneFam,One_Story,Above_Average,1968,1968,Gable,CompShg,MetalSd,MetalSd,BrkFace,41,Typical,CBlock,Typical,No,Unf,7,Unf,0,912,912,GasA,Excellent,Y,SBrkr,1152,0,1152,1,0,1,1,3,1,7,Typ,0,Attchd,RFn,2,412,Typical,Paved,0,126,0,0,0,0,No_Pool,No_Fence,None,0,9,2007,CWD,Normal,143450,-93.634545,42.046549,1864
One_Story_1946_and_Newer_All_Styles,Residential_Low_Density,80,10800,Pave,No_Alley_Access,Regular,Lvl,AllPub,Inside,Gtl,Northwest_Ames,Norm,Norm,OneFam,One_Story,Average,1963,1963,Gable,CompShg,HdBoard,HdBoard,BrkFace,203,Typical,CBlock,Typical,No,BLQ,2,Rec,264,171,1052,GasA,Typical,Y,SBrkr,1052,0,1052,1,0,1,0,3,1,6,Typ,0,Attchd,Fin,1,311,Typical,Paved,0,133,0,0,0,0,No_Pool,No_Fence,None,0,2,2007,COD,Normal,127000,-93.6299222,42.0421698,1874
One_Story_1946_and_Newer_All_Styles,Residential_Low_Density,0,14357,Pave,No_Alley_Access,Slightly_Irregular,Lvl,AllPub,CulDSac,Gtl,North_Ames,Norm,Norm,OneFam,One_Story,Average,1961,1961,Hip,CompShg,Wd Sdng,Wd Sdng,None,0,Typical,CBlock,Typical,No,ALQ,1,LwQ,167,386,864,GasA,Typical,Y,SBrkr,1187,0,1187,1,0,1,0,2,1,6,Typ,1,Attchd,RFn,2,440,Typical,Paved,128,0,0,0,0,0,No_Pool,No_Fence,None,0,8,2007,CWD,Normal,140500,-93.622834,42.044921,1888
Split_or_Multilevel,Residential_Low_Density,85,9350,Pave,No_Alley_Access,Regular,Lvl,AllPub,Inside,Gtl,North_Ames,Norm,Norm,OneFam,SLvl,Good,1964,1991,Hip,CompShg,HdBoard,HdBoard,BrkFace,108,Typical,CBlock,Typical,Gd,LwQ,4,ALQ,580,452,1302,GasA,Excellent,Y,SBrkr,1302,0,1302,0,1,2,0,3,1,7,Min1,0,Attchd,RFn,1,309,Typical,Paved,333,0,0,0,0,0,No_Pool,Minimum_Privacy,None,0,10,2007,CWD,Normal,158000,-93.6279875,42.0417369,1893
One_Story_1946_and_Newer_All_Styles,Residential_Low_Density,70,10150,Pave,No_Alley_Access,Regular,Lvl,AllPub,Inside,Gtl,North_Ames,Feedr,Norm,OneFam,One_Story,Average,1958,1958,Gable,CompShg,Wd Sdng,Wd Sdng,None,1,Typical,CBlock,Typical,No,Rec,6,Unf,0,456,912,GasA,Excellent,Y,FuseA,912,0,912,0,0,1,0,2,1,5,Typ,0,Attchd,RFn,1,275,Typical,Paved,0,0,0,0,0,0,No_Pool,No_Fence,None,0,7,2007,COD,Normal,114500,-93.616099,42.045809,1914
One_Story_1946_and_Newer_All_Styles,Residential_Low_Density,75,9750,Pave,No_Alley_Access,Regular,Lvl,AllPub,Inside,Gtl,North_Ames,Norm,Norm,OneFam,One_Story,Above_Average,1958,1958,Gable,CompShg,MetalSd,MetalSd,BrkFace,243,Typical,CBlock,Typical,No,Rec,6,Unf,0,834,1442,GasA,Good,Y,SBrkr,1442,0,1442,0,0,1,1,4,1,7,Typ,0,Attchd,RFn,1,301,Typical,Paved,0,0,275,0,0,0,No_Pool,No_Fence,Shed,500,4,2007,COD,Normal,157900,-93.615281,42.043946,1921
One_and_Half_Story_Finished_All_Ages,Residential_Medium_Density,50,5925,Pave,No_Alley_Access,Regular,Lvl,AllPub,Inside,Gtl,Old_Town,Norm,Norm,OneFam,One_and_Half_Fin,Above_Average,1900,1950,Gable,CompShg,MetalSd,MetalSd,None,0,Typical,BrkTil,Typical,No,LwQ,4,Rec,448,0,570,GasA,Good,N,SBrkr,761,380,1141,0,0,1,0,3,1,6,Typ,0,Detchd,Unf,1,252,Fair,Paved,0,0,96,0,0,0,No_Pool,No_Fence,None,0,5,2007,ConLw,Normal,85000,-93.606842,42.032276,1985
One_Story_1945_and_Older,Residential_Medium_Density,90,8100,Pave,Paved,Regular,Lvl,AllPub,Inside,Gtl,Old_Town,Norm,Norm,OneFam,One_Story,Above_Average,1948,1973,Gable,CompShg,VinylSd,VinylSd,None,0,Typical,BrkTil,Typical,No,Rec,6,Unf,0,1221,1559,GasA,Good,Y,SBrkr,1559,0,1559,1,0,1,0,2,1,5,Min2,0,Detchd,Unf,2,812,Typical,Paved,0,116,230,0,0,0,No_Pool,Good_Wood,None,0,6,2007,COD,Normal,153500,-93.6094532,42.0277574,2001
One_and_Half_Story_Finished_All_Ages,Residential_Low_Density,60,8550,Pave,No_Alley_Access,Regular,Lvl,AllPub,Inside,Gtl,Brookside,RRAn,Norm,OneFam,One_and_Half_Fin,Average,1926,1950,Gable,CompShg,HdBoard,HdBoard,None,0,Typical,PConc,Typical,No,Unf,7,Unf,0,750,750,GasA,Typical,Y,SBrkr,960,356,1316,0,0,1,0,4,1,7,Typ,0,Detchd,Unf,2,576,Typical,Paved,0,0,0,0,0,0,No_Pool,No_Fence,None,0,10,2007,ConLw,Family,90000,-93.625285,42.026998,2025
Two_Family_conversion_All_Styles_and_Ages,Residential_Medium_Density,52,4330,Pave,Gravel,Regular,Lvl,AllPub,Inside,Gtl,Iowa_DOT_and_Rail_Road,Norm,Norm,TwoFmCon,One_and_Half_Fin,Above_Average,1958,1958,Gable,CompShg,MetalSd,MetalSd,None,0,Typical,BrkTil,Typical,No,Rec,6,ALQ,127,0,808,GasA,Typical,Y,SBrkr,838,477,1315,1,0,2,0,3,1,5,Typ,0,Detchd,RFn,2,436,Typical,Paved,0,0,0,0,0,0,No_Pool,No_Fence,None,0,2,2007,COD,Abnorml,99500,-93.628263,42.022963,2038
One_and_Half_Story_Finished_All_Ages,Residential_Medium_Density,60,10320,Pave,Gravel,Regular,Lvl,AllPub,Corner,Gtl,Iowa_DOT_and_Rail_Road,Artery,Norm,OneFam,One_and_Half_Fin,Very_Poor,1910,1950,Gable,CompShg,Wd Sdng,Wd Sdng,None,0,Fair,CBlock,Fair,No,Unf,7,Unf,0,771,771,GasA,Fair,Y,SBrkr,866,504,1484,0,0,2,0,3,1,6,Sal,0,Detchd,Unf,1,264,Fair,Dirt_Gravel,14,211,0,0,84,0,No_Pool,No_Fence,None,0,9,2007,COD,Abnorml,50000,-93.623814,42.022951,2044
One_Story_1946_and_Newer_All_Styles,Residential_Low_Density,0,22692,Pave,No_Alley_Access,Slightly_Irregular,Lvl,AllPub,Inside,Gtl,Edwards,Norm,Norm,OneFam,One_Story,Average,1953,1953,Gable,CompShg,MetalSd,MetalSd,None,0,Typical,CBlock,Typical,No,Rec,6,Unf,0,486,1073,GasA,Typical,Y,SBrkr,1630,0,1630,0,0,2,0,3,1,6,Mod,1,Detchd,Unf,2,649,Typical,Partial_Pavement,0,64,0,0,0,0,No_Pool,No_Fence,None,0,3,2007,COD,Normal,130000,-93.671221,42.023229,2076
Duplex_All_Styles_and_Ages,Residential_Low_Density,42,7711,Pave,No_Alley_Access,Slightly_Irregular,Lvl,AllPub,Inside,Gtl,Edwards,Norm,Norm,Duplex,One_Story,Fair,1977,1977,Gable,CompShg,MetalSd,MetalSd,None,0,Typical,PConc,Typical,Gd,GLQ,3,Unf,0,0,1440,GasA,Typical,Y,SBrkr,1440,0,1440,2,0,2,0,4,2,8,Typ,0,No_Garage,No_Garage,0,0,No_Garage,Dirt_Gravel,321,0,0,0,0,0,No_Pool,No_Fence,None,0,8,2007,Oth,Abnorml,150000,-93.6644275,42.0205201,2083
Two_Story_1946_and_Newer,Residential_Low_Density,75,9317,Pave,No_Alley_Access,Regular,Lvl,AllPub,Inside,Gtl,Sawyer_West,Norm,Norm,OneFam,Two_Story,Average,1994,2001,Gable,CompShg,VinylSd,VinylSd,None,0,Good,PConc,Good,No,GLQ,3,Unf,0,282,779,GasA,Excellent,Y,SBrkr,1029,929,1958,1,0,2,1,3,1,7,Typ,1,Attchd,RFn,2,499,Typical,Paved,202,93,0,0,0,0,No_Pool,No_Fence,None,0,7,2007,CWD,Normal,220000,-93.681061,42.030801,2096
Two_Story_1946_and_Newer,Residential_Low_Density,77,9965,Pave,No_Alley_Access,Regular,Lvl,AllPub,Inside,Gtl,College_Creek,Norm,Norm,OneFam,Two_Story,Average,2006,2007,Hip,CompShg,VinylSd,VinylSd,Stone,340,Typical,PConc,Typical,Gd,GLQ,3,Unf,0,316,1466,GasA,Excellent,Y,SBrkr,1466,1362,2828,1,0,3,0,4,1,11,Typ,1,BuiltIn,RFn,3,1052,Typical,Paved,125,144,0,0,0,0,No_Pool,No_Fence,None,0,4,2007,New,Partial,424870,-93.686941,42.026642,2098
One_Story_1946_and_Newer_All_Styles,Residential_Low_Density,71,9178,Pave,No_Alley_Access,Regular,Lvl,AllPub,Inside,Gtl,College_Creek,Norm,Norm,OneFam,One_Story,Average,2007,2007,Gable,CompShg,VinylSd,VinylSd,Stone,306,Typical,PConc,Typical,Av,Unf,7,Unf,0,1643,1643,GasA,Excellent,Y,SBrkr,1651,0,1651,0,0,2,0,3,1,7,Typ,1,Attchd,Fin,3,870,Typical,Paved,204,64,0,0,0,0,No_Pool,No_Fence,None,0,9,2007,New,Partial,250000,-93.690342,42.025666,2099
One_Story_1946_and_Newer_All_Styles,Residential_Low_Density,93,10481,Pave,No_Alley_Access,Slightly_Irregular,Lvl,AllPub,Inside,Gtl,College_Creek,Norm,Norm,OneFam,One_Story,Average,2006,2007,Hip,CompShg,CemntBd,CmentBd,None,0,Typical,PConc,Typical,Av,Unf,7,Unf,0,2140,2140,GasA,Excellent,Y,SBrkr,2140,0,2140,0,0,2,1,3,1,8,Typ,0,Attchd,Fin,3,894,Typical,Paved,136,32,0,0,0,0,No_Pool,No_Fence,None,0,6,2007,New,Partial,360000,-93.69067,42.025707,2100
One_Story_1946_and_Newer_All_Styles,Residential_Low_Density,103,11175,Pave,No_Alley_Access,Slightly_Irregular,Lvl,AllPub,Corner,Gtl,College_Creek,Norm,Norm,OneFam,One_Story,Average,2007,2007,Gable,CompShg,VinylSd,VinylSd,None,0,Typical,PConc,Typical,Av,Unf,7,Unf,0,1316,1316,GasA,Excellent,Y,SBrkr,1316,0,1316,0,0,2,0,3,1,6,Typ,1,Attchd,Fin,2,440,Typical,Paved,0,20,0,0,0,0,No_Pool,No_Fence,None,0,10,2007,New,Partial,200141,-93.691213,42.025264,2102
One_Story_1946_and_Newer_All_Styles,Residential_Low_Density,66,10235,Pave,No_Alley_Access,Slightly_Irregular,Lvl,AllPub,Inside,Gtl,College_Creek,Norm,Norm,OneFam,One_Story,Average,2007,2007,Gable,CompShg,VinylSd,VinylSd,Stone,306,Typical,PConc,Typical,Av,Unf,7,Unf,0,1643,1643,GasA,Excellent,Y,SBrkr,1651,0,1651,0,0,2,0,3,1,7,Typ,1,Attchd,RFn,3,870,Typical,Paved,192,64,0,0,0,0,No_Pool,No_Fence,None,0,9,2007,New,Partial,246500,-93.691015,42.025281,2103
Two_Story_1946_and_Newer,Residential_Low_Density,69,9588,Pave,No_Alley_Access,Slightly_Irregular,Lvl,AllPub,Inside,Gtl,College_Creek,Norm,Norm,OneFam,Two_Story,Average,2007,2007,Gable,CompShg,CemntBd,CmentBd,Stone,270,Typical,PConc,Typical,No,Unf,7,Unf,0,1482,1482,GasA,Excellent,Y,SBrkr,1482,1092,2574,0,0,2,1,3,1,10,Typ,1,BuiltIn,Fin,3,868,Typical,Paved,0,148,0,0,0,0,No_Pool,No_Fence,None,0,11,2007,New,Partial,276000,-93.690234,42.025558,2104
One_Story_1946_and_Newer_All_Styles,Residential_Low_Density,68,8814,Pave,No_Alley_Access,Regular,Lvl,AllPub,Inside,Gtl,College_Creek,Norm,Norm,OneFam,One_Story,Average,2005,2007,Gable,CompShg,VinylSd,VinylSd,BrkFace,80,Typical,PConc,Typical,No,GLQ,3,Unf,0,349,1274,GasA,Excellent,Y,SBrkr,1274,0,1274,1,0,2,0,3,1,6,Typ,0,Attchd,RFn,2,508,Typical,Paved,264,98,0,0,0,0,No_Pool,No_Fence,None,0,1,2007,New,Partial,203000,-93.689071,42.024598,2105
Two_Story_1946_and_Newer,Residential_Low_Density,70,8145,Pave,No_Alley_Access,Slightly_Irregular,Lvl,AllPub,Inside,Gtl,College_Creek,Norm,Norm,OneFam,Two_Story,Average,2007,2007,Gable,CompShg,VinylSd,VinylSd,None,0,Typical,PConc,Typical,No,Unf,7,Unf,0,738,738,GasA,Excellent,Y,SBrkr,738,738,1476,0,0,2,1,3,1,7,Typ,0,Attchd,RFn,2,552,Typical,Paved,0,35,0,0,0,0,No_Pool,No_Fence,None,0,6,2007,New,Partial,179400,-93.684118,42.014039,2161
One_Story_1946_and_Newer_All_Styles,Residential_Low_Density,67,8308,Pave,No_Alley_Access,Regular,Lvl,AllPub,Inside,Gtl,Edwards,Norm,Norm,OneFam,One_Story,Above_Average,1963,1963,Gable,CompShg,VinylSd,VinylSd,Stone,20,Good,CBlock,Typical,No,BLQ,2,LwQ,841,115,1088,GasA,Typical,Y,SBrkr,1088,0,1088,0,0,1,0,2,1,4,Typ,0,Detchd,Unf,2,520,Typical,Partial_Pavement,0,0,0,0,0,0,No_Pool,No_Fence,None,0,6,2007,COD,Normal,110000,-93.676222,42.021221,2170
Two_Story_1946_and_Newer,Residential_Low_Density,130,40094,Pave,No_Alley_Access,Slightly_Irregular,Bnk,AllPub,Inside,Gtl,Edwards,PosN,PosN,OneFam,Two_Story,Average,2007,2008,Hip,CompShg,CemntBd,CmentBd,Stone,762,Typical,PConc,Typical,Gd,GLQ,3,Unf,0,878,3138,GasA,Excellent,Y,SBrkr,3138,1538,4676,1,0,3,1,3,1,11,Typ,1,BuiltIn,Fin,3,884,Typical,Paved,208,406,0,0,0,0,No_Pool,No_Fence,None,0,10,2007,New,Partial,184750,-93.676241,42.016642,2182
Two_Story_1945_and_Older,Residential_Low_Density,53,6720,Pave,No_Alley_Access,Regular,Lvl,AllPub,Inside,Gtl,Crawford,Norm,Norm,OneFam,Two_Story,Good,1921,1950,Gable,CompShg,VinylSd,VinylSd,None,0,Typical,BrkTil,Typical,No,Unf,7,Unf,0,585,585,GasA,Typical,N,SBrkr,851,585,1436,0,0,1,0,3,1,7,Typ,1,Detchd,Unf,1,228,Typical,Paved,184,0,0,0,0,0,No_Pool,No_Fence,None,0,4,2007,CWD,Normal,141500,-93.644669,42.017106,2203
Two_Story_1945_and_Older,Residential_Low_Density,75,13125,Pave,No_Alley_Access,Regular,Lvl,AllPub,Inside,Gtl,Crawford,Norm,Norm,OneFam,Two_Story,Above_Average,1940,1984,Gable,CompShg,Wd Sdng,Wd Sdng,None,0,Typical,CBlock,Typical,No,BLQ,2,Unf,0,390,800,GasA,Typical,Y,SBrkr,960,780,1740,0,0,1,1,3,1,6,Typ,2,Attchd,Unf,1,240,Typical,Paved,0,0,0,0,0,0,No_Pool,No_Fence,None,0,7,2007,CWD,Normal,219500,-93.6440062,42.0145503,2222
One_Story_1946_and_Newer_All_Styles,Residential_Low_Density,0,21000,Pave,No_Alley_Access,Regular,Bnk,AllPub,Corner,Gtl,Crawford,Norm,Norm,OneFam,One_Story,Average,1953,1953,Hip,CompShg,Wd Sdng,Wd Sdng,BrkFace,184,Good,CBlock,Typical,Mn,ALQ,1,Rec,869,905,1809,GasA,Typical,Y,SBrkr,2259,0,2259,1,0,2,0,3,1,7,Typ,2,Basment,Unf,2,450,Typical,Paved,166,120,192,0,0,0,No_Pool,Minimum_Privacy,None,0,10,2007,COD,Abnorml,217000,-93.639393,42.01265,2223
One_Story_PUD_1946_and_Newer,Residential_Medium_Density,59,5568,Pave,No_Alley_Access,Slightly_Irregular,HLS,AllPub,Inside,Mod,Crawford,Norm,Norm,TwnhsE,One_Story,Average,2006,2007,Hip,CompShg,CemntBd,CmentBd,Stone,473,Typical,PConc,Typical,Gd,GLQ,3,Unf,0,0,1573,GasA,Good,Y,SBrkr,1625,0,1625,1,1,2,0,2,1,5,Typ,1,Attchd,Fin,2,495,Typical,Paved,123,0,0,0,153,0,No_Pool,No_Fence,None,0,10,2007,New,Partial,375000,-93.615697,42.009401,2246
One_Story_1946_and_Newer_All_Styles,Residential_Low_Density,68,8298,Pave,No_Alley_Access,Slightly_Irregular,HLS,AllPub,Inside,Gtl,Timberland,Norm,Norm,OneFam,One_Story,Average,2006,2007,Hip,CompShg,VinylSd,VinylSd,None,0,Typical,PConc,Typical,Av,GLQ,3,Unf,0,963,1546,GasA,Excellent,Y,SBrkr,1564,0,1564,0,0,2,0,2,1,6,Typ,1,Attchd,RFn,2,502,Typical,Paved,132,0,0,0,0,0,No_Pool,No_Fence,None,0,9,2007,New,Partial,267300,-93.650569,41.994137,2261
One_Story_1946_and_Newer_All_Styles,Residential_Low_Density,89,10991,Pave,No_Alley_Access,Slightly_Irregular,HLS,AllPub,Inside,Gtl,Timberland,Norm,Norm,OneFam,One_Story,Average,2007,2007,Gable,CompShg,VinylSd,VinylSd,BrkFace,80,Typical,PConc,Typical,Gd,Unf,7,Unf,0,1571,1571,GasA,Excellent,Y,SBrkr,1571,0,1571,0,0,2,0,3,1,7,Typ,1,Attchd,Fin,3,722,Typical,Paved,100,36,0,0,0,0,No_Pool,No_Fence,None,0,12,2007,New,Partial,239000,-93.651732,41.994824,2263
One_Story_1946_and_Newer_All_Styles,Residential_Low_Density,67,10656,Pave,No_Alley_Access,Slightly_Irregular,HLS,AllPub,Inside,Gtl,Timberland,Norm,Norm,OneFam,One_Story,Average,2006,2007,Gable,CompShg,VinylSd,VinylSd,Stone,274,Typical,PConc,Typical,Av,Unf,7,Unf,0,1638,1638,GasA,Excellent,Y,SBrkr,1646,0,1646,0,0,2,0,3,1,6,Typ,1,Attchd,RFn,3,870,Typical,Paved,192,80,0,0,0,0,No_Pool,No_Fence,None,0,11,2007,New,Partial,248900,-93.650417,41.995088,2264
One_Story_1946_and_Newer_All_Styles,Residential_Low_Density,93,15306,Pave,No_Alley_Access,Slightly_Irregular,HLS,AllPub,Corner,Gtl,Timberland,Norm,Norm,OneFam,One_Story,Average,2006,2007,Gable,CompShg,VinylSd,VinylSd,Stone,100,Typical,PConc,Typical,Gd,GLQ,3,Unf,0,1652,1732,GasA,Excellent,Y,SBrkr,1776,0,1776,1,0,2,0,3,1,7,Typ,1,Attchd,Fin,3,712,Typical,Paved,0,0,0,0,0,0,No_Pool,No_Fence,None,0,5,2007,New,Partial,283463,-93.653109,41.993288,2275
One_Story_1946_and_Newer_All_Styles,Residential_Low_Density,124,27697,Pave,No_Alley_Access,Regular,Lvl,AllPub,Inside,Gtl,Mitchell,Norm,Norm,OneFam,One_Story,Fair,1961,1961,Shed,CompShg,Plywood,Plywood,CBlock,198,Typical,CBlock,Typical,No,BLQ,2,Unf,0,585,1396,GasA,Typical,N,SBrkr,1608,0,1608,0,0,1,0,3,1,6,Typ,0,Attchd,Unf,1,444,Fair,Paved,152,38,0,0,0,0,No_Pool,No_Fence,None,0,11,2007,COD,Abnorml,80000,-93.607114,41.989905,2299
One_Story_1946_and_Newer_All_Styles,Residential_Low_Density,50,14859,Pave,No_Alley_Access,Slightly_Irregular,HLS,AllPub,CulDSac,Gtl,Gilbert,Norm,Norm,OneFam,One_Story,Average,2006,2006,Hip,CompShg,VinylSd,VinylSd,BrkFace,27,Typical,PConc,Typical,No,Unf,7,Unf,0,1670,1670,GasA,Excellent,Y,SBrkr,1670,0,1670,0,0,2,0,3,1,7,Typ,1,Attchd,RFn,3,690,Typical,Paved,144,60,0,0,0,0,No_Pool,No_Fence,None,0,8,2006,New,Partial,240000,-93.635967,42.06281,2318
Two_Story_1946_and_Newer,Residential_Low_Density,85,16056,Pave,No_Alley_Access,Slightly_Irregular,Lvl,AllPub,Inside,Gtl,Stone_Brook,Norm,Norm,OneFam,Two_Story,Average,2005,2006,Hip,CompShg,CemntBd,CmentBd,Stone,208,Typical,PConc,Typical,Av,GLQ,3,Unf,0,1752,1992,GasA,Excellent,Y,SBrkr,1992,876,2868,0,0,3,1,4,1,11,Typ,1,BuiltIn,Fin,3,716,Typical,Paved,214,108,0,0,0,0,No_Pool,No_Fence,None,0,7,2006,New,Partial,556581,-93.628607,42.061478,2333
Two_Story_1946_and_Newer,Residential_Low_Density,82,12438,Pave,No_Alley_Access,Slightly_Irregular,Lvl,AllPub,Inside,Gtl,Stone_Brook,Norm,Norm,OneFam,Two_Story,Average,2006,2006,Hip,CompShg,VinylSd,VinylSd,BrkFace,466,Typical,PConc,Good,No,Unf,7,Unf,0,1234,1234,GasA,Excellent,Y,SBrkr,1264,1312,2576,0,0,2,1,4,1,10,Typ,1,BuiltIn,Fin,3,666,Typical,Paved,324,100,0,0,0,0,No_Pool,No_Fence,None,0,7,2006,New,Partial,361919,-93.62877,42.061008,2334
Two_Story_1946_and_Newer,Residential_Low_Density,82,16052,Pave,No_Alley_Access,Slightly_Irregular,Lvl,AllPub,CulDSac,Gtl,Stone_Brook,Norm,Norm,OneFam,Two_Story,Average,2006,2006,Hip,CompShg,VinylSd,VinylSd,Stone,734,Typical,PConc,Typical,No,GLQ,3,Unf,0,644,1850,GasA,Excellent,Y,SBrkr,1850,848,2698,1,0,2,1,4,1,11,Typ,1,Attchd,RFn,3,736,Typical,Paved,250,0,0,0,0,0,No_Pool,No_Fence,None,0,7,2006,New,Partial,535000,-93.627767,42.060111,2335
Two_Story_1946_and_Newer,Residential_Low_Density,66,13682,Pave,No_Alley_Access,Moderately_Irregular,HLS,AllPub,CulDSac,Gtl,Stone_Brook,Norm,Norm,OneFam,Two_Story,Average,2006,2006,Hip,CompShg,VinylSd,VinylSd,BrkFace,1031,Typical,PConc,Typical,Gd,Unf,7,Unf,0,1410,1410,GasA,Excellent,Y,SBrkr,1426,1519,2945,0,0,3,1,3,1,10,Typ,1,BuiltIn,Fin,3,641,Typical,Paved,192,0,37,0,0,0,No_Pool,No_Fence,None,0,10,2006,New,Partial,438780,-93.626477,42.061096,2337
One_Story_1946_and_Newer_All_Styles,Residential_Low_Density,69,11302,Pave,No_Alley_Access,Slightly_Irregular,Lvl,AllPub,Inside,Gtl,Stone_Brook,Norm,Norm,OneFam,One_Story,Average,2005,2006,Gable,CompShg,VinylSd,Other,BrkFace,238,Typical,PConc,Typical,Gd,GLQ,3,Unf,0,392,1814,GasA,Excellent,Y,SBrkr,1826,0,1826,1,0,2,0,3,1,7,Typ,1,Attchd,Fin,3,758,Typical,Paved,180,75,0,0,120,0,No_Pool,No_Fence,None,0,8,2006,New,Partial,319000,-93.624062,42.059947,2341
Two_Story_1946_and_Newer,Floating_Village_Residential,75,9512,Pave,No_Alley_Access,Slightly_Irregular,Lvl,AllPub,Inside,Gtl,Somerset,RRAn,Norm,OneFam,Two_Story,Average,2005,2006,Gable,CompShg,VinylSd,VinylSd,None,0,Typical,PConc,Typical,No,ALQ,1,Unf,0,172,960,GasA,Excellent,Y,SBrkr,960,1358,2318,1,0,2,1,3,1,8,Typ,1,BuiltIn,Fin,2,541,Typical,Paved,0,246,0,0,0,0,No_Pool,No_Fence,None,0,6,2006,New,Partial,294323,-93.639516,42.051077,2354
One_Story_1946_and_Newer_All_Styles,Residential_Low_Density,71,9353,Pave,No_Alley_Access,Regular,Lvl,AllPub,Inside,Gtl,North_Ames,Norm,Norm,OneFam,One_Story,Average,1970,1970,Gable,CompShg,MetalSd,MetalSd,None,0,Typical,CBlock,Typical,No,Unf,7,Unf,0,864,864,GasA,Good,Y,SBrkr,864,0,864,0,0,1,0,3,1,5,Typ,0,Attchd,Unf,1,280,Typical,Paved,0,0,0,0,0,0,No_Pool,No_Fence,Shed,0,7,2006,Oth,Abnorml,116050,-93.625373,42.053459,2361
Two_Story_1946_and_Newer,Residential_Low_Density,101,14215,Pave,No_Alley_Access,Slightly_Irregular,Lvl,AllPub,Corner,Gtl,Northridge_Heights,Norm,Norm,OneFam,Two_Story,Average,2005,2006,Gable,CompShg,VinylSd,VinylSd,BrkFace,380,Typical,PConc,Typical,Av,Unf,7,Unf,0,1158,1158,GasA,Excellent,Y,SBrkr,1158,1218,2376,0,0,3,1,4,1,9,Typ,1,BuiltIn,RFn,3,853,Typical,Paved,240,154,0,0,0,0,No_Pool,No_Fence,None,0,11,2006,New,Partial,325300,-93.657118,42.060272,2387
Two_Story_1946_and_Newer,Residential_Low_Density,82,9942,Pave,No_Alley_Access,Slightly_Irregular,Lvl,AllPub,Inside,Gtl,Northridge_Heights,Norm,Norm,OneFam,Two_Story,Average,2005,2006,Gable,CompShg,MetalSd,MetalSd,BrkFace,385,Typical,PConc,Good,Av,GLQ,3,Unf,0,316,1606,GasA,Excellent,Y,SBrkr,1625,466,2091,1,0,2,1,3,1,8,Typ,1,Attchd,RFn,2,521,Typical,Paved,194,84,0,0,0,0,No_Pool,No_Fence,None,0,5,2006,New,Partial,338500,-93.654642,42.060577,2391
Two_Story_1946_and_Newer,Residential_Low_Density,85,11924,Pave,No_Alley_Access,Slightly_Irregular,Lvl,AllPub,Inside,Gtl,Northridge_Heights,Norm,Norm,OneFam,Two_Story,Average,2005,2006,Hip,CompShg,WdShing,Wd Shng,Stone,286,Typical,PConc,Typical,No,GLQ,3,Unf,0,177,1175,GasA,Excellent,Y,SBrkr,1182,1142,2324,1,0,3,0,4,1,11,Typ,2,BuiltIn,Fin,3,736,Typical,Paved,147,21,0,0,0,0,No_Pool,No_Fence,None,0,7,2006,New,Partial,345000,-93.652334,42.060866,2392
Two_Story_1946_and_Newer,Residential_Low_Density,82,10672,Pave,No_Alley_Access,Slightly_Irregular,Lvl,AllPub,Inside,Gtl,Northridge_Heights,Norm,Norm,OneFam,Two_Story,Average,2006,2006,Gable,CompShg,VinylSd,VinylSd,None,0,Typical,PConc,Typical,Gd,Unf,7,Unf,0,1054,1054,GasA,Good,Y,SBrkr,1054,1335,2389,0,0,2,1,4,1,10,Typ,1,BuiltIn,Fin,3,672,Typical,Paved,176,64,0,0,0,0,No_Pool,No_Fence,None,0,11,2006,New,Partial,298236,-93.653452,42.060357,2394
Two_Story_1946_and_Newer,Residential_Low_Density,82,11643,Pave,No_Alley_Access,Slightly_Irregular,Lvl,AllPub,Inside,Gtl,Northridge_Heights,Norm,Norm,OneFam,Two_Story,Average,2005,2006,Hip,CompShg,MetalSd,MetalSd,BrkFace,142,Typical,PConc,Typical,Av,GLQ,3,Unf,0,644,1524,GasA,Excellent,Y,SBrkr,1544,814,2358,1,0,2,1,4,1,10,Typ,1,BuiltIn,Fin,3,784,Typical,Paved,120,34,0,0,0,0,No_Pool,No_Fence,None,0,8,2006,New,Partial,329900,-93.6531488,42.060377,2395
One_Story_PUD_1946_and_Newer,Residential_Low_Density,40,6792,Pave,No_Alley_Access,Slightly_Irregular,Lvl,AllPub,Inside,Gtl,Northridge_Heights,Norm,Norm,TwnhsE,One_Story,Average,2005,2006,Gable,CompShg,VinylSd,VinylSd,Stone,94,Typical,PConc,Typical,No,Unf,7,Unf,0,1368,1368,GasA,Excellent,Y,SBrkr,1368,0,1368,0,0,2,0,2,1,6,Typ,1,Attchd,RFn,2,474,Typical,Paved,132,35,0,0,0,0,No_Pool,No_Fence,None,0,3,2006,New,Partial,202665,-93.649525,42.058238,2407
One_Story_PUD_1946_and_Newer,Residential_Low_Density,48,6373,Pave,No_Alley_Access,Regular,Lvl,AllPub,Inside,Gtl,Northridge_Heights,Norm,Norm,TwnhsE,One_Story,Average,2006,2006,Hip,CompShg,MetalSd,MetalSd,BrkFace,572,Typical,PConc,Good,No,GLQ,3,Unf,0,1251,1666,GasA,Excellent,Y,SBrkr,1666,0,1666,1,0,2,0,2,1,6,Typ,1,Attchd,RFn,2,575,Typical,Paved,228,75,0,0,0,0,No_Pool,No_Fence,None,0,6,2006,New,Partial,310090,-93.65414,42.057164,2409
Two_Story_1946_and_Newer,Residential_Low_Density,65,10237,Pave,No_Alley_Access,Regular,Lvl,AllPub,Inside,Gtl,Gilbert,RRAn,Norm,OneFam,Two_Story,Average,2006,2006,Gable,CompShg,VinylSd,VinylSd,None,0,Typical,PConc,Typical,No,Unf,7,Unf,0,738,738,GasA,Excellent,Y,SBrkr,738,754,1492,0,0,2,1,3,1,8,Typ,0,Attchd,Fin,2,440,Typical,Paved,0,32,0,0,0,0,No_Pool,No_Fence,None,0,9,2006,New,Partial,169985,-93.645774,42.062361,2413
Two_Story_1946_and_Newer,Residential_Low_Density,58,17104,Pave,No_Alley_Access,Slightly_Irregular,Lvl,AllPub,Inside,Gtl,Gilbert,Norm,Norm,OneFam,Two_Story,Average,2006,2006,Gable,CompShg,VinylSd,VinylSd,None,0,Typical,PConc,Good,Av,GLQ,3,Unf,0,100,654,GasA,Excellent,Y,SBrkr,664,832,1496,1,0,2,1,3,1,7,Typ,1,Attchd,RFn,2,426,Typical,Paved,100,24,0,0,0,0,No_Pool,No_Fence,None,0,9,2006,New,Partial,179665,-93.644411,42.061915,2414
One_Story_1946_and_Newer_All_Styles,Residential_Low_Density,102,11660,Pave,No_Alley_Access,Slightly_Irregular,Lvl,AllPub,Inside,Gtl,Gilbert,Norm,Norm,OneFam,One_Story,Average,2006,2006,Gable,CompShg,VinylSd,VinylSd,None,0,Typical,PConc,Typical,Av,Unf,7,Unf,0,1326,1326,GasA,Excellent,Y,SBrkr,1326,0,1326,0,0,2,0,3,1,6,Typ,0,Attchd,Fin,2,427,Typical,Paved,100,0,0,0,0,0,No_Pool,No_Fence,None,0,7,2006,New,Partial,174190,-93.644627,42.063031,2416
Two_Story_1946_and_Newer,Residential_Low_Density,75,9073,Pave,No_Alley_Access,Slightly_Irregular,Lvl,AllPub,Inside,Gtl,Gilbert,Norm,Norm,OneFam,Two_Story,Average,2006,2006,Gable,CompShg,VinylSd,VinylSd,None,0,Typical,PConc,Typical,No,Unf,7,Unf,0,738,738,GasA,Excellent,Y,SBrkr,738,754,1492,0,0,2,1,3,1,8,Typ,0,Attchd,Fin,2,440,Typical,Paved,100,32,0,0,0,0,No_Pool,No_Fence,None,0,10,2006,New,Partial,185101,-93.644306,42.061987,2419
One_Story_PUD_1946_and_Newer,Residential_Low_Density,43,3087,Pave,No_Alley_Access,Regular,Lvl,AllPub,Inside,Gtl,Bloomington_Heights,Norm,Norm,TwnhsE,One_Story,Average,2006,2006,Gable,CompShg,VinylSd,VinylSd,BrkFace,14,Typical,PConc,Typical,Av,GLQ,3,Unf,0,767,1220,GasA,Excellent,Y,SBrkr,1364,0,1364,1,0,2,0,2,1,6,Typ,1,Attchd,Fin,2,437,Typical,Paved,100,16,0,0,0,0,No_Pool,No_Fence,None,0,11,2006,New,Partial,210250,-93.641662,42.062574,2420
One_Story_PUD_1946_and_Newer,Residential_Low_Density,43,3010,Pave,No_Alley_Access,Regular,Lvl,AllPub,Inside,Gtl,Bloomington_Heights,Norm,Norm,TwnhsE,One_Story,Average,2005,2006,Gable,CompShg,VinylSd,VinylSd,BrkFace,16,Typical,PConc,Typical,Av,GLQ,3,Unf,0,1232,1248,GasA,Excellent,Y,SBrkr,1248,0,1248,0,0,2,0,2,1,5,Typ,0,Attchd,Fin,2,438,Typical,Paved,108,0,0,0,0,0,No_Pool,No_Fence,None,0,3,2006,New,Partial,167240,-93.642261,42.063301,2426
Two_Story_1946_and_Newer,Residential_Low_Density,0,12104,Pave,No_Alley_Access,Slightly_Irregular,Lvl,AllPub,FR3,Gtl,Gilbert,Norm,Norm,OneFam,Two_Story,Average,2006,2006,Gable,CompShg,VinylSd,VinylSd,None,0,Typical,PConc,Typical,No,Unf,7,Unf,0,1035,1035,GasA,Good,Y,SBrkr,1082,1240,2322,0,0,3,1,4,1,8,Typ,0,Attchd,RFn,3,617,Typical,Paved,400,45,0,0,0,0,No_Pool,No_Fence,None,0,8,2006,New,Partial,287602,-93.641283,42.05696,2441
Two_Story_1946_and_Newer,Residential_Low_Density,75,12447,Pave,No_Alley_Access,Slightly_Irregular,Lvl,AllPub,Inside,Gtl,Somerset,RRAn,Norm,OneFam,Two_Story,Average,2005,2006,Gable,CompShg,CemntBd,CmentBd,Stone,192,Typical,PConc,Good,No,Unf,7,Unf,0,1100,1100,GasA,Excellent,Y,SBrkr,1116,848,1964,0,0,2,1,3,1,8,Typ,1,BuiltIn,Fin,2,760,Typical,Paved,200,70,0,0,0,0,No_Pool,No_Fence,None,0,1,2006,New,Partial,252000,-93.642317,42.055056,2455
One_Story_1946_and_Newer_All_Styles,Residential_Low_Density,85,10936,Pave,No_Alley_Access,Regular,Lvl,AllPub,Corner,Gtl,Somerset,Feedr,Norm,OneFam,One_Story,Average,2006,2006,Gable,CompShg,VinylSd,VinylSd,BrkFace,60,Typical,PConc,Typical,No,Unf,7,Unf,0,1504,1504,GasA,Excellent,Y,SBrkr,1504,0,1504,0,0,2,0,3,1,7,Typ,0,Attchd,Fin,2,510,Typical,Paved,144,0,0,0,0,0,No_Pool,No_Fence,None,0,9,2006,New,Partial,199000,-93.643811,42.053033,2460
One_Story_1946_and_Newer_All_Styles,Floating_Village_Residential,72,8640,Pave,No_Alley_Access,Regular,Lvl,AllPub,Inside,Gtl,Somerset,Norm,Norm,OneFam,One_Story,Average,2006,2006,Gable,CompShg,VinylSd,VinylSd,None,0,Typical,PConc,Typical,No,GLQ,3,Unf,0,1254,1278,GasA,Excellent,Y,SBrkr,1278,0,1278,0,0,2,0,2,1,5,Typ,0,Attchd,RFn,2,584,Typical,Paved,0,60,0,0,0,0,No_Pool,No_Fence,None,0,10,2006,New,Partial,198600,-93.650361,42.0518,2461
Two_Story_1946_and_Newer,Floating_Village_Residential,100,13162,Pave,No_Alley_Access,Regular,Lvl,AllPub,Corner,Gtl,Somerset,Feedr,Norm,OneFam,Two_Story,Average,2006,2006,Gable,CompShg,VinylSd,VinylSd,None,0,Typical,PConc,Typical,No,GLQ,3,Unf,0,200,2036,GasA,Excellent,Y,SBrkr,2036,604,2640,1,0,3,1,3,1,11,Typ,1,Attchd,RFn,3,792,Typical,Paved,0,265,0,0,0,0,No_Pool,No_Fence,None,0,11,2006,New,Partial,405749,-93.64407,42.052265,2462
One_Story_1946_and_Newer_All_Styles,Floating_Village_Residential,81,11216,Pave,No_Alley_Access,Regular,Lvl,AllPub,Inside,Gtl,Somerset,Norm,Norm,OneFam,One_Story,Average,2006,2006,Gable,CompShg,VinylSd,VinylSd,None,0,Typical,PConc,Good,No,Unf,7,Unf,0,1489,1489,GasA,Excellent,Y,SBrkr,1489,0,1489,0,0,2,0,3,1,7,Typ,1,Attchd,RFn,2,776,Typical,Paved,0,140,0,0,0,0,No_Pool,No_Fence,None,0,6,2006,New,Partial,232600,-93.643898,42.052272,2463
Two_Story_1946_and_Newer,Floating_Village_Residential,65,8125,Pave,No_Alley_Access,Regular,Lvl,AllPub,Inside,Gtl,Somerset,Norm,Norm,OneFam,Two_Story,Average,2005,2006,Gable,CompShg,VinylSd,VinylSd,None,0,Typical,PConc,Typical,No,Unf,7,Unf,0,756,756,GasA,Excellent,Y,SBrkr,756,797,1553,0,0,2,1,3,1,6,Typ,0,Attchd,RFn,2,615,Typical,Paved,0,45,0,0,0,0,No_Pool,No_Fence,None,0,3,2006,New,Partial,186500,-93.642309,42.051355,2465
One_Story_1946_and_Newer_All_Styles,Residential_Low_Density,63,13072,Pave,No_Alley_Access,Regular,Lvl,AllPub,Inside,Gtl,Sawyer_West,RRAe,Norm,OneFam,One_Story,Average,2004,2004,Gable,CompShg,VinylSd,VinylSd,None,0,Typical,PConc,Typical,No,ALQ,1,Unf,0,217,1158,GasA,Excellent,Y,SBrkr,1158,0,1158,1,0,1,1,3,1,5,Typ,0,Detchd,Unf,2,576,Typical,Paved,0,50,0,0,0,0,No_Pool,No_Fence,None,0,5,2006,New,Partial,158000,-93.690959,42.037827,2475
Duplex_All_Styles_and_Ages,Residential_Medium_Density,70,9100,Pave,No_Alley_Access,Regular,Lvl,AllPub,Inside,Gtl,Sawyer,RRAe,Norm,Duplex,One_Story,Average,1963,1963,Gable,CompShg,HdBoard,HdBoard,BrkFace,336,Typical,CBlock,Typical,No,Rec,6,Unf,0,396,1728,GasA,Typical,Y,SBrkr,1728,0,1728,1,0,2,0,6,2,10,Typ,0,Detchd,Unf,2,504,Typical,Paved,0,0,0,0,0,0,No_Pool,No_Fence,None,0,11,2006,ConLI,Abnorml,125000,-93.675963,42.036087,2487
One_Story_1946_and_Newer_All_Styles,Residential_Low_Density,0,10659,Pave,No_Alley_Access,Slightly_Irregular,Lvl,AllPub,Inside,Gtl,North_Ames,Norm,Norm,OneFam,One_Story,Above_Average,1961,1961,Hip,CompShg,Wd Sdng,Wd Sdng,None,0,Typical,CBlock,Typical,No,Rec,6,Unf,0,135,1050,GasA,Typical,Y,SBrkr,1050,0,1050,1,0,1,0,3,1,6,Typ,0,Attchd,Unf,1,368,Typical,Paved,0,319,0,0,0,0,No_Pool,No_Fence,None,0,1,2006,COD,Normal,136500,-93.623414,42.043214,2542
Two_Family_conversion_All_Styles_and_Ages,Residential_Low_Density,75,10382,Pave,No_Alley_Access,Regular,Lvl,AllPub,Inside,Gtl,North_Ames,Norm,Norm,TwoFmCon,SLvl,Average,1958,1958,Hip,CompShg,HdBoard,HdBoard,BrkFace,105,Fair,CBlock,Typical,Gd,ALQ,1,Unf,0,75,588,GasA,Typical,Y,SBrkr,1095,0,1095,1,0,1,0,2,1,6,Typ,0,Attchd,RFn,1,264,Typical,Paved,0,0,0,0,0,0,No_Pool,No_Fence,None,0,3,2006,ConLD,Normal,140000,-93.621621,42.041314,2549
One_Story_1945_and_Older,Residential_Low_Density,118,21299,Pave,No_Alley_Access,Regular,Lvl,AllPub,Inside,Gtl,North_Ames,Norm,Norm,OneFam,One_Story,Average,1941,1963,Hip,WdShake,BrkFace,BrkFace,None,0,Typical,CBlock,Typical,No,Unf,7,Unf,0,929,929,GasA,Excellent,Y,SBrkr,2039,0,2039,1,0,1,1,3,1,7,Min1,3,More_Than_Two_Types,Unf,3,791,Typical,Paved,0,0,90,0,0,0,No_Pool,No_Fence,None,0,12,2006,COD,Abnorml,167000,-93.61547,42.040276,2591
One_and_Half_Story_Finished_All_Ages,Residential_Low_Density,50,7000,Pave,No_Alley_Access,Regular,Lvl,AllPub,Corner,Gtl,Old_Town,Artery,Norm,OneFam,One_and_Half_Fin,Above_Average,1924,1950,Gable,CompShg,MetalSd,MetalSd,None,0,Good,BrkTil,Typical,No,LwQ,4,Unf,0,0,617,GasA,Good,Y,SBrkr,865,445,1310,0,0,2,0,2,1,6,Min1,0,Attchd,Unf,1,398,Typical,Paved,0,0,126,0,0,0,No_Pool,No_Fence,None,0,5,2006,COD,Normal,112000,-93.6168701,42.0347269,2595
One_and_Half_Story_Finished_All_Ages,Residential_Low_Density,60,10818,Pave,Gravel,Regular,Lvl,AllPub,Inside,Gtl,Old_Town,Norm,Norm,OneFam,One_and_Half_Fin,Below_Average,1910,1950,Gable,CompShg,VinylSd,VinylSd,None,0,Typical,BrkTil,Typical,No,Unf,7,Unf,0,1077,1077,GasA,Typical,Y,FuseA,981,779,1760,0,0,1,1,4,1,7,Typ,1,Detchd,Unf,2,648,Typical,Paved,120,0,96,0,0,0,No_Pool,No_Fence,None,0,2,2006,COD,Abnorml,80000,-93.612266,42.035857,2603
One_Story_1945_and_Older,Residential_Medium_Density,56,7741,Pave,Gravel,Regular,Lvl,AllPub,Inside,Gtl,Old_Town,Norm,Norm,OneFam,One_Story,Average,1924,1950,Gable,CompShg,MetalSd,MetalSd,None,0,Typical,BrkTil,Fair,No,BLQ,2,Rec,72,817,1032,GasA,Good,N,FuseA,1032,0,1032,0,0,1,0,2,1,5,Typ,0,Detchd,Unf,1,280,Typical,Paved,0,0,112,0,0,0,No_Pool,Minimum_Privacy,None,0,6,2006,COD,Abnorml,108000,-93.618334,42.030463,2646
One_Story_1946_and_Newer_All_Styles,Residential_Medium_Density,60,7200,Pave,Gravel,Regular,Lvl,AllPub,Inside,Gtl,Old_Town,Norm,Norm,OneFam,One_Story,Average,1950,1950,Gable,CompShg,MetalSd,MetalSd,None,0,Typical,CBlock,Typical,No,Unf,7,Unf,0,576,576,GasA,Excellent,Y,SBrkr,864,0,864,0,0,1,0,2,1,5,Typ,0,Detchd,RFn,1,528,Typical,Paved,0,0,0,0,115,0,No_Pool,No_Fence,None,0,8,2006,COD,Normal,105000,-93.6145858,42.0330459,2649
Two_and_Half_Story_All_Ages,Residential_Medium_Density,65,8850,Pave,No_Alley_Access,Slightly_Irregular,Bnk,AllPub,Corner,Gtl,Old_Town,Norm,Norm,OneFam,Two_and_Half_Unf,Above_Average,1916,1950,Gable,CompShg,MetalSd,MetalSd,None,0,Typical,BrkTil,Typical,No,Unf,7,Unf,0,815,815,GasA,Excellent,Y,SBrkr,815,875,1690,0,0,1,0,3,1,7,Typ,1,Detchd,Unf,1,225,Typical,Paved,0,0,330,0,0,0,No_Pool,No_Fence,None,0,7,2006,ConLw,Normal,144000,-93.615337,42.027953,2663
One_Story_1945_and_Older,Residential_Medium_Density,60,7200,Pave,No_Alley_Access,Regular,Lvl,AllPub,Corner,Gtl,Iowa_DOT_and_Rail_Road,Norm,Norm,OneFam,One_Story,Above_Average,1930,1950,Gable,CompShg,VinylSd,VinylSd,None,0,Typical,BrkTil,Typical,No,LwQ,4,Unf,0,641,984,GasA,Typical,Y,FuseF,984,0,984,0,0,1,0,3,1,6,Typ,0,Detchd,Unf,1,308,Typical,Dirt_Gravel,0,0,164,0,0,0,No_Pool,No_Fence,None,0,3,2006,ConLI,Family,90000,-93.6265888,42.0238089,2698
Two_Story_1946_and_Newer,Residential_Low_Density,133,11003,Pave,No_Alley_Access,Moderately_Irregular,Lvl,AllPub,Inside,Gtl,College_Creek,Norm,Norm,OneFam,Two_Story,Average,2005,2006,Gable,CompShg,VinylSd,VinylSd,None,0,Typical,PConc,Typical,No,Unf,7,Unf,0,1308,1308,GasA,Excellent,Y,SBrkr,1308,568,1876,0,0,2,1,3,1,7,Typ,0,BuiltIn,RFn,3,848,Typical,Paved,0,40,0,0,0,0,No_Pool,No_Fence,None,0,7,2006,New,Partial,229800,-93.689071,42.024601,2751
One_Story_1946_and_Newer_All_Styles,Residential_Low_Density,73,8990,Pave,No_Alley_Access,Slightly_Irregular,Lvl,AllPub,Inside,Gtl,College_Creek,Norm,Norm,OneFam,One_Story,Average,2006,2006,Gable,CompShg,VinylSd,VinylSd,None,0,Typical,PConc,Typical,Mn,Unf,7,Unf,0,1498,1498,GasA,Excellent,Y,SBrkr,1498,0,1498,0,0,2,0,2,1,5,Typ,0,Attchd,RFn,2,675,Typical,Paved,351,33,0,0,0,0,No_Pool,No_Fence,None,0,4,2006,New,Partial,204900,-93.688925,42.025218,2756
One_Story_1946_and_Newer_All_Styles,Residential_Low_Density,84,10084,Pave,No_Alley_Access,Regular,Lvl,AllPub,Inside,Gtl,College_Creek,Norm,Norm,OneFam,One_Story,Average,2005,2006,Gable,CompShg,VinylSd,VinylSd,BrkFace,196,Typical,PConc,Typical,Av,GLQ,3,Unf,0,1528,1552,GasA,Excellent,Y,SBrkr,1552,0,1552,0,0,2,0,3,1,7,Typ,0,Attchd,RFn,3,782,Typical,Paved,144,20,0,0,0,0,No_Pool,No_Fence,None,0,7,2006,New,Partial,212900,-93.684116,42.016004,2811
One_Story_1946_and_Newer_All_Styles,Residential_Low_Density,65,8772,Pave,No_Alley_Access,Regular,Lvl,AllPub,FR2,Gtl,College_Creek,Norm,Norm,OneFam,One_Story,Average,2005,2006,Gable,CompShg,VinylSd,VinylSd,None,0,Typical,PConc,Typical,Mn,GLQ,3,Unf,0,340,1336,GasA,Excellent,Y,SBrkr,1336,0,1336,1,0,2,0,3,1,6,Typ,0,Attchd,Unf,2,502,Typical,Paved,136,43,0,0,0,0,No_Pool,No_Fence,None,0,9,2006,New,Partial,198000,-93.685872,42.013991,2813
One_Story_1946_and_Newer_All_Styles,Residential_Low_Density,65,8767,Pave,No_Alley_Access,Slightly_Irregular,Lvl,AllPub,Inside,Gtl,College_Creek,Norm,Norm,OneFam,One_Story,Average,2005,2005,Gable,CompShg,VinylSd,VinylSd,None,0,Typical,PConc,Typical,Av,GLQ,3,Unf,0,1286,1310,GasA,Excellent,Y,SBrkr,1310,0,1310,0,0,2,0,3,1,6,Typ,1,Attchd,Fin,2,400,Typical,Paved,0,0,0,0,0,0,No_Pool,No_Fence,None,0,7,2006,New,Partial,164990,-93.683758,42.014593,2816
Two_Story_1946_and_Newer,Residential_Low_Density,90,11060,Pave,No_Alley_Access,Slightly_Irregular,Lvl,AllPub,Corner,Gtl,Edwards,Norm,Norm,OneFam,Two_Story,Average,2003,2005,Gable,CompShg,VinylSd,VinylSd,None,0,Typical,PConc,Typical,No,Unf,7,Unf,0,1150,1150,GasA,Excellent,Y,SBrkr,1164,1150,2314,0,0,2,1,3,1,9,Typ,1,BuiltIn,Fin,2,502,Typical,Paved,0,274,0,0,0,0,No_Pool,No_Fence,None,0,2,2006,ConLD,Normal,229000,-93.671612,42.018648,2825
One_Story_1945_and_Older,Residential_Low_Density,60,8088,Pave,Gravel,Regular,Lvl,AllPub,Inside,Gtl,Edwards,Feedr,Norm,OneFam,One_Story,Fair,1922,1955,Gable,CompShg,MetalSd,MetalSd,None,0,Typical,BrkTil,Typical,No,Unf,7,Unf,0,498,498,GasA,Typical,N,FuseF,498,0,498,0,0,1,0,1,1,3,Typ,0,Detchd,Unf,1,216,Fair,Dirt_Gravel,0,0,100,0,0,0,No_Pool,No_Fence,None,0,2,2006,ConLD,Normal,35000,-93.659043,42.021559,2844
One_and_Half_Story_Finished_All_Ages,C_all,60,11040,Pave,No_Alley_Access,Regular,Low,AllPub,Inside,Mod,Iowa_DOT_and_Rail_Road,Norm,Norm,OneFam,One_and_Half_Fin,Above_Average,1920,1950,Gable,CompShg,MetalSd,MetalSd,None,0,Typical,CBlock,Typical,No,Rec,6,Unf,0,0,637,GasA,Good,Y,SBrkr,897,439,1336,0,0,1,1,3,1,7,Typ,0,CarPort,Unf,1,570,Typical,Paved,0,47,120,0,0,0,No_Pool,No_Fence,None,0,9,2006,COD,Normal,108000,-93.615307,42.019025,2879
One_Story_PUD_1946_and_Newer,Residential_Medium_Density,41,5748,Pave,No_Alley_Access,Slightly_Irregular,HLS,AllPub,Inside,Mod,Crawford,Norm,Norm,TwnhsE,One_Story,Average,2005,2006,Hip,CompShg,CemntBd,CmentBd,Stone,473,Typical,PConc,Typical,Gd,GLQ,3,Unf,0,0,1573,GasA,Excellent,Y,SBrkr,1778,0,1778,2,0,2,0,2,1,5,Typ,1,Attchd,Fin,2,495,Typical,Paved,123,53,0,0,153,0,No_Pool,No_Fence,None,0,2,2006,New,Partial,375000,-93.616026,42.009398,2884
One_Story_1946_and_Newer_All_Styles,Residential_Low_Density,88,11443,Pave,No_Alley_Access,Regular,Lvl,AllPub,Inside,Gtl,Timberland,Norm,Norm,OneFam,One_Story,Average,2005,2006,Hip,CompShg,VinylSd,VinylSd,BrkFace,208,Typical,PConc,Typical,Gd,GLQ,3,Unf,0,408,1868,GasA,Excellent,Y,SBrkr,2028,0,2028,1,0,2,0,2,1,7,Typ,2,Attchd,RFn,3,880,Typical,Paved,326,66,0,0,0,0,No_Pool,No_Fence,None,0,3,2006,New,Partial,369900,-93.64898,41.993258,2902
